UID,Section,TBL1_iRAT,TBL2_iRAT,TBL3_iRAT,TBL4_iRAT,TBL1_tRAT,TBL2_tRAT,TBL3_tRAT,TBL4_tRAT,,,,,,,,,,,,,,,,,,,,,,,,,,
,Section,Module 1: iRAT -- Requires Respondus LockDown Browser (5 points),Module 2: iRAT - Requires Respondus LockDown Browser + Webcam (5 points),Module 3: iRAT - Requires Respondus LockDown Browser + Webcam (5 points),Module 4: iRAT - Requires Respondus LockDown Browser + Webcam (5 points),Module 1: tRAT -- Only one Team Member submits (15 points),Module 2: tRAT -- Only one Team Member submits (15 points),Module 3: tRAT -- Only one Team Member submits (15 points),Module 4: tRAT -- Only one Team Member submits (15 points),Module 1: Step 3 -- Introversion & 7999traversion Survey [Qualtrics] (completion grade),Module 1: Step 4 -- Reflection for Introversion &  7999traversion Survey (completion grade),Module 1: Self-Assessment -- Personal Factors & Learning (completion grade),Module 1: Team-Assessment -- Personal Factors & Learning (completion grade),Module 1: Peer-to-Peer Assessment -- Personal Factors & Learning  (completion grade),Module 2: Step 4 -- Identifying the Function of the Emotion (completion grade),Module 2: Step 5 -- How Big is my Problem? (completion grade),Module 2: Self-Assessment -- Stress & Time Management (completion grade),Module 2: Team-Assessment -- Stress & Time Management (completion grade),Module 2: Peer-to-Peer Assessment -- Stress & Time Management (completion grade),Module 3: Step 5 -- Self-reflect on your Study Skills and Strategies (completion grade),Module 3: Self-Assessment -- Study & Test Taking Skills (completion grade),Module 3: Team Assessment -- Study & Test Taking Skills (completion grade),Module 3: Peer-to-Peer Assessment -- Study & Test Taking Skills (completion grade),Module 4: Step 4 -- Acknowledgement of Disclosure Statement for EQ-I (completion grade),Module 4: Step 5 -- EQ-i Assessment (completion grade),Module 4: Step 6 -- Reflection for EQ-i Summary Report (completion grade),Module 4: Step 7 -- Improving Resilience through the 3 Stress Management Skills (completion grade),Module 4: Self-Assessment -- EQ-i Debrief (completion grade),Module 4: Team Assessment -- EQ-i Debrief (completion grade),Module 4: Peer-to-Peer Assessment -- EQ-i Debrief (completion grade),Module 5: Relaxation and Mindfullness Techniques [Qualtrics] (completion grade),Module 6: Reflection for Prioritizing Sleep (completion grade),Module 7: SMART Goals (completion grade),Module 8: Filling the Gaps (completion grade),Module 9: Physical Activity Goal (completion grade)
,,5,5,5,5,15,15,15,15,1,1,1,1,1,1,1,1,1,1,1,1,1,1,1,1,1,1,1,1,1,1,1,1,1,1
2019180001,F2F_2019,4,2,2,7999,15,14,15,14,1,1,1,1,1,1,7999,1,1,1,1,1,1,1,7999,1,1,7999,9999,1,1,7999,7999,7999,7999,7999
2019040002,F2F_2019,3,4,0,2,15,14,13,14,1,1,1,1,1,1,7999,1,1,1,1,1,1,1,7999,1,1,7999,1,1,1,7999,7999,7999,7999,7999
2019990003,F2F_2019,0,0,0,0,0,0,9999,9999,1,9999,9999,1,1,9999,7999,9999,1,1,1,9999,1,1,7999,9999,9999,7999,9999,9999,9999,7999,7999,7999,7999,7999
2019240004,F2F_2019,3,4,3,3,14,12,15,14,1,1,1,1,1,1,7999,1,1,1,1,1,1,1,7999,1,1,7999,1,1,1,7999,7999,7999,7999,7999
2019250005,F2F_2019,4,3,4,3,14,13,13,15,1,1,1,1,1,1,7999,1,1,1,1,1,1,1,7999,1,1,7999,1,1,1,7999,7999,7999,7999,7999
2019120006,F2F_2019,3,3,4,2,15,13,15,14,1,1,1,1,1,1,7999,1,1,1,1,1,1,1,7999,1,1,7999,1,1,1,7999,7999,7999,7999,7999
2019240007,F2F_2019,4,3,3,4,14,12,15,14,1,1,1,1,1,1,7999,1,1,1,1,1,1,1,7999,1,1,7999,1,1,1,7999,7999,7999,7999,7999
2019110008,F2F_2019,4,4,2,3,15,13,12,13,1,1,1,1,1,1,7999,1,1,1,1,1,1,1,7999,1,1,7999,1,1,1,7999,7999,7999,7999,7999
2019210009,F2F_2019,3,2,2,3,14,12,15,13,1,1,1,1,1,1,7999,1,1,1,1,1,1,1,7999,1,1,7999,1,1,1,7999,7999,7999,7999,7999
2019060010,F2F_2019,3,3,4,3,14,12,15,13,1,1,1,1,1,1,7999,1,1,1,1,1,1,1,7999,1,1,7999,1,1,1,7999,7999,7999,7999,7999
2019050011,F2F_2019,4,2,2,4,14,14,12,13,1,1,1,1,1,1,7999,1,1,1,1,1,1,1,7999,1,1,7999,1,1,1,7999,7999,7999,7999,7999
2019100012,F2F_2019,3,3,5,2,14,15,13,13,1,1,1,1,1,1,7999,1,1,1,1,1,1,1,7999,1,1,7999,1,1,1,7999,7999,7999,7999,7999
2019230013,F2F_2019,3,0,2,2,14,14,13,14,1,1,1,1,1,1,7999,1,1,1,1,1,1,1,7999,9999,1,7999,1,9999,1,7999,7999,7999,7999,7999
2019050014,F2F_2019,4,3,5,3,14,14,12,13,1,1,1,1,1,1,7999,1,1,1,1,1,1,1,7999,1,1,7999,1,1,1,7999,7999,7999,7999,7999
2019090015,F2F_2019,3,1,2,2,14,13,15,12,1,1,1,1,1,1,7999,1,1,1,1,1,1,1,7999,1,1,7999,1,1,1,7999,7999,7999,7999,7999
2019230016,F2F_2019,5,3,2,5,14,14,13,14,1,1,1,1,1,1,7999,1,1,1,1,1,1,1,7999,1,1,7999,1,1,1,7999,7999,7999,7999,7999
2019050017,F2F_2019,2,3,2,3,14,14,12,13,1,1,1,1,1,1,7999,1,1,1,1,1,1,1,7999,1,1,7999,1,1,1,7999,7999,7999,7999,7999
2019080018,F2F_2019,5,2,5,4,15,14,14,13,1,1,1,1,1,1,7999,1,1,1,1,1,1,1,7999,1,1,7999,1,1,1,7999,7999,7999,7999,7999
2019250019,F2F_2019,2,2,3,2,14,13,13,15,1,1,1,1,1,1,7999,1,1,1,1,1,1,1,7999,1,1,7999,1,1,1,7999,7999,7999,7999,7999
2019090020,F2F_2019,4,3,4,2,14,13,15,12,1,1,1,1,1,1,7999,1,1,1,1,1,1,1,7999,1,1,7999,1,1,1,7999,7999,7999,7999,7999
2019250021,F2F_2019,2,2,2,1,14,13,13,15,1,1,1,1,1,1,7999,1,1,1,1,1,1,1,7999,1,1,7999,1,1,1,7999,7999,7999,7999,7999
2019110022,F2F_2019,4,1,1,2,15,13,12,13,1,1,1,1,1,1,7999,1,1,1,1,1,1,1,7999,1,1,7999,1,1,1,7999,7999,7999,7999,7999
2019100023,F2F_2019,5,3,3,4,14,15,13,13,1,1,1,1,1,1,7999,1,1,1,1,1,1,1,7999,1,1,7999,1,1,1,7999,7999,7999,7999,7999
2019090024,F2F_2019,2,2,3,0,14,13,15,12,1,1,1,1,1,1,7999,1,1,1,1,1,1,1,7999,1,1,7999,1,1,1,7999,7999,7999,7999,7999
2019120025,F2F_2019,4,3,4,2,15,13,15,14,1,1,1,1,1,1,7999,1,1,1,1,1,1,1,7999,1,1,7999,1,1,1,7999,7999,7999,7999,7999
2019210026,F2F_2019,0,4,5,0,0,12,15,13,1,1,EX,1,1,1,7999,1,1,1,1,1,1,1,7999,1,1,7999,1,1,1,7999,7999,7999,7999,7999
2019190027,F2F_2019,3,2,1,4,14,13,14,14,1,1,1,1,1,1,7999,1,1,1,1,1,1,1,7999,1,1,7999,1,1,1,7999,7999,7999,7999,7999
2019050028,F2F_2019,5,3,3,3,14,14,12,13,1,1,1,1,1,1,7999,1,1,1,1,1,1,1,7999,1,1,7999,1,1,1,7999,7999,7999,7999,7999
2019150029,F2F_2019,3,5,4,2,15,14,15,14,1,1,1,1,1,1,7999,1,1,1,1,1,1,1,7999,1,1,7999,1,1,1,7999,7999,7999,7999,7999
2019110030,F2F_2019,4,3,4,4,15,13,12,13,1,1,1,1,1,1,7999,1,1,1,1,1,1,1,7999,1,1,7999,1,1,1,7999,7999,7999,7999,7999
2019130031,F2F_2019,2,3,3,7999,15,12,15,7999,1,1,1,1,1,1,7999,1,1,1,1,1,1,1,7999,1,1,7999,9999,1,1,7999,7999,7999,7999,7999
2019190032,F2F_2019,3,1,3,1,14,13,14,14,1,1,1,1,1,1,7999,1,1,1,1,1,1,1,7999,1,1,7999,1,1,1,7999,7999,7999,7999,7999
2019050033,F2F_2019,4,2,1,3,14,14,12,13,1,1,1,1,1,1,7999,1,1,1,1,1,1,1,7999,1,1,7999,1,1,1,7999,7999,7999,7999,7999
2019090034,F2F_2019,3,3,3,4,14,13,15,12,1,1,1,1,1,1,7999,1,1,1,1,1,1,1,7999,1,1,7999,1,1,1,7999,7999,7999,7999,7999
2019250035,F2F_2019,3,2,2,3,14,13,13,15,1,1,1,1,1,1,7999,1,1,1,1,1,1,1,7999,1,1,7999,1,1,1,7999,7999,7999,7999,7999
2019230036,F2F_2019,3,1,3,2,14,14,13,14,1,1,1,1,1,1,7999,1,1,1,1,1,1,1,7999,1,1,7999,1,1,1,7999,7999,7999,7999,7999
2019090037,F2F_2019,3,2,5,3,14,13,15,12,1,1,1,1,1,1,7999,1,1,1,1,1,1,1,7999,1,1,7999,1,1,1,7999,7999,7999,7999,7999
2019160038,F2F_2019,4,3,2,3,15,12,13,15,1,1,1,1,1,1,7999,1,1,1,1,1,1,1,7999,1,1,7999,1,1,1,7999,7999,7999,7999,7999
2019080039,F2F_2019,4,2,5,4,15,14,14,13,1,1,1,1,1,1,7999,1,1,1,1,1,1,1,7999,1,1,7999,1,1,1,7999,7999,7999,7999,7999
2019120040,F2F_2019,5,2,4,3,15,13,15,14,1,1,1,1,1,1,7999,1,1,1,1,1,1,1,7999,1,1,7999,1,1,1,7999,7999,7999,7999,7999
2019170041,F2F_2019,4,2,1,3,15,14,13,13,1,1,1,1,1,1,7999,1,1,1,1,1,1,1,7999,1,1,7999,1,1,1,7999,7999,7999,7999,7999
2019160042,F2F_2019,3,3,0,4,15,12,13,15,1,1,1,1,1,1,7999,1,1,1,1,1,1,1,7999,1,1,7999,1,1,1,7999,7999,7999,7999,7999
2019020043,F2F_2019,4,2,3,3,14,15,13,14,1,1,1,1,1,1,7999,1,1,1,1,1,1,1,7999,1,1,7999,1,1,1,7999,7999,7999,7999,7999
2019090044,F2F_2019,3,2,2,3,14,13,15,12,1,1,1,1,1,9999,7999,1,1,1,1,1,1,1,7999,1,1,7999,1,1,1,7999,7999,7999,7999,7999
2019160045,F2F_2019,4,3,5,5,15,12,13,15,1,1,1,1,1,1,7999,1,1,1,1,1,1,1,7999,1,1,7999,1,1,1,7999,7999,7999,7999,7999
2019030046,F2F_2019,2,4,4,4,15,14,15,14,1,1,1,1,1,1,7999,1,1,1,1,1,1,1,7999,1,1,7999,1,1,1,7999,7999,7999,7999,7999
2019220047,F2F_2019,3,3,4,2,14,14,15,15,1,1,1,1,1,1,7999,1,1,1,1,1,1,1,7999,1,1,7999,1,1,1,7999,7999,7999,7999,7999
2019190048,F2F_2019,4,5,0,4,14,13,14,14,1,1,1,1,1,1,7999,1,1,1,1,1,1,1,7999,1,1,7999,1,1,1,7999,7999,7999,7999,7999
2019240049,F2F_2019,2,4,3,2,14,12,15,14,1,1,1,1,1,1,7999,1,1,1,1,1,1,1,7999,1,1,7999,1,1,1,7999,7999,7999,7999,7999
2019030050,F2F_2019,4,2,4,2,15,14,15,14,1,1,1,1,1,1,7999,1,1,1,1,1,1,1,7999,1,1,7999,1,1,1,7999,7999,7999,7999,7999
2019020051,F2F_2019,4,3,2,2,14,15,13,14,1,1,1,1,1,1,7999,1,1,1,1,1,1,1,7999,1,1,7999,1,1,1,7999,7999,7999,7999,7999
2019030052,F2F_2019,4,4,4,4,15,14,15,14,1,1,1,1,1,1,7999,1,1,1,1,1,1,1,7999,1,1,7999,1,1,1,7999,7999,7999,7999,7999
2019260053,F2F_2019,4,4,2,0,14,15,14,13,1,1,1,1,1,1,7999,1,1,1,1,1,1,1,7999,1,9999,7999,9999,1,1,7999,7999,7999,7999,7999
2019040054,F2F_2019,4,4,4,4,15,14,13,14,1,1,1,1,1,1,7999,1,1,1,1,1,1,1,7999,1,1,7999,1,1,1,7999,7999,7999,7999,7999
2019110055,F2F_2019,3,4,2,3,15,13,12,13,1,1,1,1,1,1,7999,1,1,1,1,1,1,1,7999,1,1,7999,1,1,1,7999,7999,7999,7999,7999
2019140056,F2F_2019,2,2,3,2,15,15,15,13,1,1,1,1,1,1,7999,1,1,1,1,1,1,1,7999,1,1,7999,1,1,1,7999,7999,7999,7999,7999
2019080057,F2F_2019,3,2,4,4,15,14,14,13,1,1,1,1,1,1,7999,1,1,1,1,1,1,1,7999,1,1,7999,1,1,1,7999,7999,7999,7999,7999
2019100058,F2F_2019,5,4,3,3,14,15,13,13,1,1,1,1,1,9999,7999,1,1,1,1,1,1,1,7999,1,1,7999,1,1,1,7999,7999,7999,7999,7999
2019200059,F2F_2019,5,3,2,3,14,14,14,13,1,1,1,1,1,1,7999,1,1,1,1,1,1,1,7999,1,1,7999,1,1,1,7999,7999,7999,7999,7999
2019100060,F2F_2019,3,3,4,4,14,15,13,13,1,1,1,1,1,1,7999,1,1,1,1,1,1,1,7999,1,1,7999,1,1,1,7999,7999,7999,7999,7999
2019080061,F2F_2019,4,3,4,4,14,13,14,14,1,1,1,1,1,1,7999,1,1,1,1,1,1,1,7999,1,1,7999,1,1,1,7999,7999,7999,7999,7999
2019210062,F2F_2019,4,4,4,2,14,12,15,13,1,1,1,1,1,1,7999,1,1,1,1,1,1,1,7999,1,1,7999,1,1,1,7999,7999,7999,7999,7999
2019010063,F2F_2019,2,2,3,4,15,13,14,14,1,1,1,1,1,1,7999,1,1,1,1,1,1,1,7999,1,1,7999,1,1,1,7999,7999,7999,7999,7999
2019120064,F2F_2019,3,4,3,3,15,13,15,14,1,1,1,1,1,1,7999,1,1,1,1,1,1,1,7999,1,1,7999,1,1,1,7999,7999,7999,7999,7999
2019240065,F2F_2019,4,2,2,3,14,12,15,14,1,1,1,1,1,1,7999,1,1,1,1,1,1,1,7999,1,1,7999,1,1,1,7999,7999,7999,7999,7999
2019070066,F2F_2019,5,2,3,2,14,13,14,14,1,1,1,1,1,1,7999,1,1,1,1,1,1,1,7999,1,1,7999,1,1,1,7999,7999,7999,7999,7999
2019170067,F2F_2019,4,3,2,0,15,14,13,13,1,1,1,1,1,1,7999,1,1,1,1,1,1,1,7999,1,1,7999,9999,1,1,7999,7999,7999,7999,7999
2019020068,F2F_2019,3,2,0,1,14,15,13,14,1,1,1,1,1,9999,7999,1,1,1,1,9999,1,1,7999,1,1,7999,1,1,1,7999,7999,7999,7999,7999
2019210069,F2F_2019,2,3,4,3,14,12,15,13,1,1,1,1,1,1,7999,1,1,1,1,1,1,1,7999,1,1,7999,1,1,1,7999,7999,7999,7999,7999
2019240070,F2F_2019,5,3,1,0,14,12,15,14,1,1,1,1,1,1,7999,1,1,1,1,1,1,1,7999,1,1,7999,9999,1,1,7999,7999,7999,7999,7999
2019230071,F2F_2019,4,2,2,1,14,14,13,14,1,1,1,1,1,1,7999,1,1,1,1,1,1,1,7999,1,1,7999,1,1,1,7999,7999,7999,7999,7999
2019080072,F2F_2019,4,3,2,4,15,14,14,13,1,1,1,1,1,1,7999,1,1,1,1,1,1,1,7999,1,1,7999,1,1,1,7999,7999,7999,7999,7999
2019070073,F2F_2019,3,1,2,1,14,13,13,15,1,1,1,1,1,1,7999,1,1,1,1,1,1,1,7999,1,1,7999,1,1,1,7999,7999,7999,7999,7999
2019260074,F2F_2019,4,4,4,0,14,15,14,13,1,1,1,1,1,1,7999,1,1,1,1,1,1,1,7999,1,1,7999,9999,1,1,7999,7999,7999,7999,7999
2019120075,F2F_2019,4,3,3,4,15,13,15,14,1,1,1,1,1,1,7999,1,1,1,1,1,1,1,7999,1,1,7999,1,1,1,7999,7999,7999,7999,7999
2019140076,F2F_2019,4,2,2,3,15,15,15,13,1,1,1,1,1,1,7999,1,1,1,1,1,1,1,7999,1,1,7999,1,1,1,7999,7999,7999,7999,7999
2019230077,F2F_2019,4,3,3,2,14,14,13,14,1,1,1,1,1,1,7999,1,1,1,1,1,1,1,7999,1,1,7999,1,1,1,7999,7999,7999,7999,7999
2019110078,F2F_2019,5,4,4,4,15,13,12,13,1,1,1,1,1,1,7999,1,1,1,1,1,1,1,7999,1,1,7999,1,1,1,7999,7999,7999,7999,7999
2019200079,F2F_2019,3,1,3,1,14,14,14,13,1,1,1,1,1,1,7999,1,1,1,1,1,1,1,7999,1,1,7999,1,1,1,7999,7999,7999,7999,7999
2019110080,F2F_2019,4,4,1,1,15,13,12,13,1,1,1,1,1,1,7999,1,1,1,1,1,1,1,7999,1,1,7999,1,1,1,7999,7999,7999,7999,7999
2019020081,F2F_2019,5,3,4,4,14,15,13,14,1,1,1,1,1,1,7999,1,1,1,1,1,1,1,7999,1,1,7999,1,1,1,7999,7999,7999,7999,7999
2019210082,F2F_2019,5,4,3,4,14,12,15,13,1,1,1,1,1,1,7999,1,1,1,1,1,1,1,7999,1,1,7999,1,1,1,7999,7999,7999,7999,7999
2019040083,F2F_2019,4,4,3,4,15,14,13,14,1,1,1,1,1,1,7999,1,1,1,1,1,1,1,7999,1,1,7999,1,1,1,7999,7999,7999,7999,7999
2019160084,F2F_2019,4,3,1,5,15,12,13,15,1,1,1,1,1,1,7999,1,1,1,1,1,1,1,7999,1,1,7999,1,1,1,7999,7999,7999,7999,7999
2019030085,F2F_2019,4,4,2,3,15,14,15,14,1,1,1,1,1,1,7999,1,1,1,1,1,1,1,7999,1,1,7999,1,1,1,7999,7999,7999,7999,7999
2019220086,F2F_2019,5,4,5,4,15,14,15,15,1,1,1,1,1,1,7999,1,1,1,1,1,1,1,7999,1,1,7999,1,1,1,7999,7999,7999,7999,7999
2019020087,F2F_2019,2,2,3,4,14,15,13,14,1,1,1,1,1,1,7999,1,1,1,1,1,1,1,7999,1,1,7999,1,1,1,7999,7999,7999,7999,7999
2019150088,F2F_2019,4,2,2,4,15,14,15,14,1,1,1,1,1,1,7999,1,1,1,1,1,1,1,7999,1,1,7999,1,1,1,7999,7999,7999,7999,7999
2019200089,F2F_2019,2,4,3,0,14,14,14,13,1,1,1,1,1,1,7999,1,1,1,1,1,1,1,7999,1,1,7999,9999,1,1,7999,7999,7999,7999,7999
2019140090,F2F_2019,4,5,3,1,15,15,15,13,1,1,1,1,1,1,7999,1,1,1,1,1,1,1,7999,1,1,7999,1,1,1,7999,7999,7999,7999,7999
2019060091,F2F_2019,4,2,5,3,14,12,15,13,1,1,1,1,1,1,7999,1,1,1,1,1,1,1,7999,1,1,7999,1,1,1,7999,7999,7999,7999,7999
2019160092,F2F_2019,5,2,4,5,15,12,13,15,1,1,1,1,1,1,7999,1,1,1,1,1,1,1,7999,1,1,7999,1,1,1,7999,7999,7999,7999,7999
2019190093,F2F_2019,5,3,4,5,14,13,14,14,1,1,1,1,1,1,7999,1,1,1,1,1,1,1,7999,1,1,7999,1,1,1,7999,7999,7999,7999,7999
2019050094,F2F_2019,5,3,2,2,14,14,12,13,1,1,1,1,1,1,7999,1,1,1,1,1,1,1,7999,1,1,7999,1,1,1,7999,7999,7999,7999,7999
2019170095,F2F_2019,5,4,3,3,15,14,13,13,1,1,1,1,1,1,7999,1,1,1,1,1,1,1,7999,1,1,7999,1,1,1,7999,7999,7999,7999,7999
2019060096,F2F_2019,3,2,2,4,14,12,15,13,1,9999,1,1,1,1,7999,1,1,1,1,1,1,1,7999,1,1,7999,1,1,1,7999,7999,7999,7999,7999
2019130097,F2F_2019,4,3,4,2,15,12,15,15,1,1,1,1,1,1,7999,1,1,1,1,1,1,1,7999,1,1,7999,1,1,1,7999,7999,7999,7999,7999
2.02E+11,F2F_2019,3,1,3,1,15,14,15,14,1,1,1,1,1,1,7999,1,1,1,1,1,1,1,7999,1,1,7999,1,1,1,7999,7999,7999,7999,7999
2019210099,F2F_2019,5,3,3,4,14,12,15,13,1,1,1,1,1,1,7999,1,1,1,1,1,1,1,7999,1,1,7999,1,1,1,7999,7999,7999,7999,7999
2019070100,F2F_2019,3,2,4,1,14,13,14,14,1,1,1,1,1,1,7999,1,1,1,1,1,1,1,7999,1,1,7999,1,1,1,7999,7999,7999,7999,7999
2019010101,F2F_2019,5,0,3,3,15,13,14,14,1,1,1,1,1,1,7999,1,1,1,1,1,1,1,7999,1,1,7999,1,1,1,7999,7999,7999,7999,7999
2019110102,F2F_2019,5,3,2,5,15,13,12,13,1,1,1,1,1,1,7999,1,1,1,1,1,1,1,7999,1,1,7999,1,1,1,7999,7999,7999,7999,7999
2019220103,F2F_2019,2,3,3,5,14,14,15,15,1,1,1,1,1,1,7999,1,1,1,1,1,1,1,7999,1,1,7999,1,1,1,7999,7999,7999,7999,7999
2019060104,F2F_2019,4,3,3,3,14,12,15,13,1,1,1,1,1,1,7999,1,1,1,1,1,1,1,7999,1,1,7999,1,1,1,7999,7999,7999,7999,7999
2019140105,F2F_2019,5,5,3,2,15,15,15,13,1,1,1,1,1,1,7999,1,1,1,1,1,1,1,7999,1,1,7999,1,1,1,7999,7999,7999,7999,7999
2019130106,F2F_2019,5,2,4,4,15,12,15,15,1,1,1,1,1,1,7999,1,1,1,1,1,1,1,7999,1,1,7999,1,1,1,7999,7999,7999,7999,7999
2019220107,F2F_2019,2,1,2,3,14,14,15,15,1,1,1,1,1,1,7999,1,1,1,1,1,1,1,7999,1,1,7999,1,1,1,7999,7999,7999,7999,7999
2019220108,F2F_2019,3,4,4,4,14,14,15,15,1,1,1,1,1,1,7999,1,1,1,1,1,1,1,7999,1,1,7999,1,1,1,7999,7999,7999,7999,7999
2019070109,F2F_2019,3,3,5,2,14,13,14,14,1,1,1,1,1,1,7999,1,1,1,1,1,1,1,7999,1,1,7999,1,1,1,7999,7999,7999,7999,7999
2019130110,F2F_2019,4,3,4,4,15,12,15,15,1,1,1,1,1,1,7999,1,1,1,1,1,1,1,7999,1,1,7999,1,1,1,7999,7999,7999,7999,7999
2019070111,F2F_2019,5,3,3,2,14,13,14,14,1,1,1,1,1,1,7999,1,1,1,1,1,1,1,7999,1,1,7999,1,1,1,7999,7999,7999,7999,7999
2019120112,F2F_2019,3,3,4,4,15,13,15,14,1,1,1,1,1,1,7999,1,1,1,1,1,1,1,7999,1,1,7999,1,1,1,7999,7999,7999,7999,7999
2019170113,F2F_2019,4,3,4,4,15,14,13,13,1,1,1,1,1,1,7999,1,1,1,1,1,1,1,7999,1,1,7999,1,1,1,7999,7999,7999,7999,7999
2019230114,F2F_2019,5,4,3,0,14,14,13,14,1,1,1,1,1,1,7999,1,1,1,1,1,1,1,7999,1,1,7999,9999,1,1,7999,7999,7999,7999,7999
2019040115,F2F_2019,5,2,5,4,15,14,13,14,1,1,1,1,1,1,7999,1,1,1,1,1,1,1,7999,1,1,7999,1,1,1,7999,7999,7999,7999,7999
2019230116,F2F_2019,3,3,4,2,14,14,13,14,1,1,1,1,1,1,7999,1,1,1,1,1,1,1,7999,1,1,7999,1,1,1,7999,7999,7999,7999,7999
2019220117,F2F_2019,4,3,3,5,14,14,15,15,1,1,1,1,1,1,7999,1,1,1,1,1,1,1,7999,1,1,7999,1,1,1,7999,7999,7999,7999,7999
2019080118,F2F_2019,2,3,3,3,15,14,14,13,1,1,1,1,1,1,7999,1,1,1,1,1,1,1,7999,1,1,7999,1,1,1,7999,7999,7999,7999,7999
2019260119,F2F_2019,2,4,4,4,14,15,14,13,1,1,1,1,1,1,7999,1,1,1,1,1,1,1,7999,1,1,7999,1,1,1,7999,7999,7999,7999,7999
2019240120,F2F_2019,5,3,4,4,14,12,15,14,1,1,1,1,1,1,7999,1,1,1,1,1,1,1,7999,1,1,7999,1,1,1,7999,7999,7999,7999,7999
2019010121,F2F_2019,4,4,2,2,15,13,14,14,1,1,1,1,1,1,7999,1,1,1,1,1,1,1,7999,1,1,7999,1,1,1,7999,7999,7999,7999,7999
2019030122,F2F_2019,2,2,2,3,15,14,15,14,1,9999,1,1,1,1,7999,1,1,1,1,1,1,1,7999,1,1,7999,1,1,1,7999,7999,7999,7999,7999
2019260123,F2F_2019,4,3,4,3,14,15,14,13,1,1,1,1,1,1,7999,1,1,1,1,1,1,1,7999,1,1,7999,1,1,1,7999,7999,7999,7999,7999
2019090124,F2F_2019,5,1,4,3,14,13,15,12,1,1,1,1,1,1,7999,1,1,1,1,1,1,1,7999,1,1,7999,1,1,1,7999,7999,7999,7999,7999
2019110125,F2F_2019,4,4,3,3,15,13,12,13,1,1,1,1,1,1,7999,1,1,1,1,1,1,1,7999,1,1,7999,1,1,1,7999,7999,7999,7999,7999
2019130126,F2F_2019,5,4,3,3,15,12,15,15,1,1,1,1,1,1,7999,1,1,1,1,1,1,1,7999,1,1,7999,1,1,1,7999,7999,7999,7999,7999
2019190127,F2F_2019,3,3,3,3,14,13,14,14,1,1,1,1,1,1,7999,1,1,1,1,1,1,1,7999,1,1,7999,1,1,1,7999,7999,7999,7999,7999
2019140128,F2F_2019,3,3,4,2,15,15,15,13,1,1,1,1,1,1,7999,1,1,1,1,1,1,1,7999,1,1,7999,1,1,1,7999,7999,7999,7999,7999
2019240129,F2F_2019,3,3,2,4,14,12,15,14,1,1,1,1,1,1,7999,1,1,1,1,1,1,1,7999,1,1,7999,1,1,1,7999,7999,7999,7999,7999
2019040130,F2F_2019,3,2,1,3,15,14,13,14,1,1,1,1,1,1,7999,1,1,1,1,1,1,1,7999,1,1,7999,1,1,1,7999,7999,7999,7999,7999
2019010131,F2F_2019,4,4,1,0,15,13,14,14,1,1,1,1,1,1,7999,1,1,1,1,1,1,1,7999,1,9999,7999,1,1,1,7999,7999,7999,7999,7999
2019190132,F2F_2019,5,2,2,2,14,13,14,14,1,1,1,1,1,1,7999,1,1,1,1,1,1,1,7999,1,1,7999,1,1,1,7999,7999,7999,7999,7999
2019240133,F2F_2019,7999,3,2,3,7999,12,15,14,1,1,9999,1,1,1,7999,1,1,1,1,1,1,1,7999,1,1,7999,1,1,1,7999,7999,7999,7999,7999
2019070134,F2F_2019,2,4,2,3,14,13,14,14,1,1,1,1,1,1,7999,1,1,1,1,1,1,1,7999,1,1,7999,1,1,1,7999,7999,7999,7999,7999
2019070135,F2F_2019,4,4,3,4,14,13,14,14,1,1,1,1,1,1,7999,1,1,1,1,1,1,1,7999,1,1,7999,1,1,1,7999,7999,7999,7999,7999
2019200136,F2F_2019,2,2,3,2,14,14,14,13,1,1,1,1,1,1,7999,1,1,1,1,1,1,1,7999,1,1,7999,1,1,1,7999,7999,7999,7999,7999
2019100137,F2F_2019,3,2,3,2,14,15,13,13,1,1,1,1,1,1,7999,1,1,1,1,1,1,1,7999,1,1,7999,1,1,1,7999,7999,7999,7999,7999
2019200138,F2F_2019,5,3,2,2,14,14,14,13,1,1,1,1,1,1,7999,1,1,1,1,1,1,1,7999,1,1,7999,1,1,1,7999,7999,7999,7999,7999
2019120139,F2F_2019,4,2,4,3,15,13,15,14,1,1,1,1,1,1,7999,1,1,1,1,1,1,1,7999,1,1,7999,1,1,1,7999,7999,7999,7999,7999
2019010140,F2F_2019,2,4,3,5,15,13,14,14,1,1,1,1,1,1,7999,1,1,1,1,1,1,1,7999,1,1,7999,1,1,1,7999,7999,7999,7999,7999
2019200141,F2F_2019,5,1,2,3,14,14,14,13,1,1,1,1,1,1,7999,1,1,1,1,1,1,1,7999,1,1,7999,1,1,1,7999,7999,7999,7999,7999
2019060142,F2F_2019,4,4,3,3,14,12,15,13,1,1,1,1,1,1,7999,1,1,1,1,1,1,1,7999,1,1,7999,1,1,1,7999,7999,7999,7999,7999
2019110143,F2F_2019,5,2,1,0,15,13,12,13,1,1,1,1,1,1,7999,1,1,1,1,1,1,1,7999,1,9999,7999,9999,1,1,7999,7999,7999,7999,7999
2019180144,F2F_2019,5,3,5,5,15,14,15,14,1,1,1,1,1,1,7999,1,1,1,1,1,1,1,7999,1,1,7999,1,1,1,7999,7999,7999,7999,7999
2019160145,F2F_2019,5,3,3,3,15,12,13,15,1,1,1,1,1,1,7999,1,1,1,1,1,1,1,7999,1,1,7999,1,1,1,7999,7999,7999,7999,7999
2019080146,F2F_2019,4,4,3,4,15,14,14,13,1,1,1,1,1,1,7999,1,1,1,1,1,1,1,7999,1,1,7999,1,1,1,7999,7999,7999,7999,7999
2019030147,F2F_2019,4,3,3,5,15,14,15,14,1,9999,1,1,1,1,7999,1,1,1,1,1,1,1,7999,1,1,7999,1,1,1,7999,7999,7999,7999,7999
2019180148,F2F_2019,3,2,4,2,15,14,15,14,1,1,1,1,1,1,7999,1,1,1,1,1,1,1,7999,1,1,7999,1,1,1,7999,7999,7999,7999,7999
2019130149,F2F_2019,4,2,3,4,15,12,15,15,1,1,1,1,1,1,7999,1,1,1,1,1,1,1,7999,1,1,7999,1,1,1,7999,7999,7999,7999,7999
2019090150,F2F_2019,2,3,3,4,14,13,15,12,1,1,1,1,1,1,7999,1,1,1,1,1,1,1,7999,1,1,7999,1,1,1,7999,7999,7999,7999,7999
2019200151,F2F_2019,2,3,2,0,14,14,14,13,1,1,1,1,1,1,7999,1,1,1,1,1,1,1,7999,1,9999,7999,9999,1,1,7999,7999,7999,7999,7999
2019060152,F2F_2019,3,4,4,0,14,12,15,13,1,1,1,1,1,1,7999,1,1,1,1,1,1,1,7999,1,9999,7999,9999,1,1,7999,7999,7999,7999,7999
2019050153,F2F_2019,2,3,4,2,14,14,12,13,1,1,1,1,1,1,7999,1,1,1,1,1,1,1,7999,1,1,7999,1,1,1,7999,7999,7999,7999,7999
2019260154,F2F_2019,4,3,4,3,14,15,14,13,1,1,1,1,1,1,7999,1,1,1,1,1,1,1,7999,1,9999,7999,1,1,1,7999,7999,7999,7999,7999
2019070155,F2F_2019,3,3,2,2,14,13,14,14,1,1,1,1,1,1,7999,1,1,1,1,1,1,1,7999,1,1,7999,1,1,1,7999,7999,7999,7999,7999
2019240156,F2F_2019,5,3,4,4,14,12,15,14,1,1,1,1,1,1,7999,1,1,1,1,1,1,1,7999,1,1,7999,1,1,1,7999,7999,7999,7999,7999
2019260157,F2F_2019,4,0,4,1,14,15,14,13,1,9999,1,1,1,1,7999,1,1,1,1,1,1,1,7999,1,1,7999,1,1,1,7999,7999,7999,7999,7999
2019250158,F2F_2019,4,3,4,3,14,13,13,15,1,1,1,1,1,1,7999,1,1,1,1,1,1,1,7999,1,1,7999,1,1,1,7999,7999,7999,7999,7999
2019170159,F2F_2019,3,4,2,4,15,14,13,13,1,1,1,1,1,1,7999,1,1,1,1,1,1,1,7999,1,1,7999,1,1,1,7999,7999,7999,7999,7999
2019100160,F2F_2019,2,4,3,4,14,15,13,13,1,1,1,1,1,1,7999,1,1,1,1,1,1,1,7999,1,1,7999,1,1,1,7999,7999,7999,7999,7999
2019240161,F2F_2019,5,4,3,3,14,12,15,14,1,1,1,1,1,1,7999,1,1,1,1,1,1,1,7999,1,1,7999,1,1,1,7999,7999,7999,7999,7999
2019150162,F2F_2019,4,1,4,3,15,14,15,14,1,1,1,1,1,1,7999,1,1,1,1,1,1,1,7999,1,1,7999,1,1,1,7999,7999,7999,7999,7999
2019210163,F2F_2019,3,3,2,4,14,12,15,13,1,1,1,1,1,1,7999,1,1,1,1,1,1,1,7999,1,9999,7999,1,1,1,7999,7999,7999,7999,7999
2019040164,F2F_2019,3,2,3,2,15,14,13,14,1,1,1,1,1,1,7999,1,1,1,1,1,1,1,7999,1,1,7999,1,1,1,7999,7999,7999,7999,7999
2019150165,F2F_2019,0,4,3,4,0,14,15,14,1,1,9999,1,1,1,7999,1,1,1,1,1,1,1,7999,1,1,7999,1,1,1,7999,7999,7999,7999,7999
2019250166,F2F_2019,2,3,3,5,14,13,13,15,1,1,1,1,1,1,7999,1,1,1,1,1,1,1,7999,1,1,7999,1,1,1,7999,7999,7999,7999,7999
2019230167,F2F_2019,3,3,4,4,14,14,13,14,1,1,1,1,1,1,7999,1,1,1,1,1,1,1,7999,1,1,7999,1,1,1,7999,7999,7999,7999,7999
2019170168,F2F_2019,4,3,4,0,15,14,13,13,1,1,1,1,1,1,7999,1,1,1,1,1,1,1,7999,1,1,7999,1,1,1,7999,7999,7999,7999,7999
2019070169,F2F_2019,3,2,3,1,14,13,14,14,1,1,1,1,1,1,7999,1,1,1,1,1,1,1,7999,1,1,7999,1,1,1,7999,7999,7999,7999,7999
2019140170,F2F_2019,3,4,4,5,15,15,15,13,1,1,1,1,1,1,7999,1,1,1,1,1,1,1,7999,1,1,7999,1,1,1,7999,7999,7999,7999,7999
2019150171,F2F_2019,3,2,5,2,15,14,15,14,1,1,1,1,1,1,7999,1,1,1,1,1,1,1,7999,1,1,7999,1,1,1,7999,7999,7999,7999,7999
2019120172,F2F_2019,4,1,4,5,15,13,15,14,1,1,1,1,1,1,7999,1,1,1,1,1,1,1,7999,1,1,7999,1,1,1,7999,7999,7999,7999,7999
2019150173,F2F_2019,3,2,3,3,15,14,15,14,1,1,1,1,1,1,7999,1,1,1,1,1,1,1,7999,1,1,7999,1,1,1,7999,7999,7999,7999,7999
2019190174,F2F_2019,2,3,2,2,14,13,14,14,1,1,1,1,1,1,7999,1,1,1,1,1,1,1,7999,1,1,7999,1,1,1,7999,7999,7999,7999,7999
2019130175,F2F_2019,4,4,4,4,15,12,15,15,1,1,1,1,1,1,7999,1,1,1,1,1,1,1,7999,1,1,7999,1,1,1,7999,7999,7999,7999,7999
2019060176,F2F_2019,3,3,3,5,14,12,15,13,1,1,1,1,1,1,7999,1,1,1,1,1,1,1,7999,1,1,7999,1,1,1,7999,7999,7999,7999,7999
2019260177,F2F_2019,4,3,2,3,14,15,14,13,1,1,1,1,1,1,7999,1,1,1,1,1,1,1,7999,1,1,7999,1,1,1,7999,7999,7999,7999,7999
2019250178,F2F_2019,4,3,2,5,14,13,13,15,1,1,1,1,1,1,7999,1,1,1,1,1,1,1,7999,1,1,7999,1,1,1,7999,7999,7999,7999,7999
2019030179,F2F_2019,2,3,1,4,15,14,15,14,1,1,1,1,1,1,7999,1,1,1,1,1,1,1,7999,1,1,7999,1,1,1,7999,7999,7999,7999,7999
2019210180,F2F_2019,3,3,4,2,14,12,15,13,1,1,1,1,1,1,7999,1,1,1,1,1,1,1,7999,1,1,7999,1,1,1,7999,7999,7999,7999,7999
2019160181,F2F_2019,0,3,2,4,15,12,13,15,1,1,1,1,1,1,7999,1,1,1,1,1,1,1,7999,1,1,7999,1,1,1,7999,7999,7999,7999,7999
2019020182,F2F_2019,4,3,2,2,14,15,13,14,1,9999,1,1,1,1,7999,1,1,1,1,1,1,1,7999,1,1,7999,1,1,1,7999,7999,7999,7999,7999
2019120183,F2F_2019,5,4,4,2,15,13,15,14,1,1,1,1,1,1,7999,1,1,1,1,1,1,1,7999,1,1,7999,1,1,1,7999,7999,7999,7999,7999
2019180184,F2F_2019,5,4,3,4,15,14,15,14,1,1,1,1,1,1,7999,1,1,1,1,1,1,1,7999,1,1,7999,1,1,1,7999,7999,7999,7999,7999
2019090185,F2F_2019,4,3,2,1,14,13,15,12,1,1,1,1,1,1,7999,1,1,1,1,1,1,1,7999,1,1,7999,1,1,1,7999,7999,7999,7999,7999
2019130186,F2F_2019,4,3,3,3,15,12,15,15,1,1,1,1,1,1,7999,1,1,1,1,1,1,1,7999,1,1,7999,1,1,1,7999,7999,7999,7999,7999
2019220187,F2F_2019,4,3,2,2,14,14,15,15,1,1,1,1,1,1,7999,1,1,1,1,1,1,1,7999,1,1,7999,1,1,1,7999,7999,7999,7999,7999
2019100188,F2F_2019,2,4,5,3,14,15,13,13,1,9999,1,1,1,1,7999,1,1,1,1,1,1,1,7999,1,1,7999,1,1,1,7999,7999,7999,7999,7999
2019040189,F2F_2019,2,2,2,2,15,14,13,14,1,1,1,1,1,1,7999,1,1,1,1,1,1,1,7999,1,1,7999,1,1,1,7999,7999,7999,7999,7999
2019050190,F2F_2019,3,3,1,4,14,14,12,13,1,1,1,1,1,1,7999,1,1,1,1,1,1,1,7999,1,1,7999,1,1,1,7999,7999,7999,7999,7999
2019140191,F2F_2019,5,2,5,2,15,15,15,13,1,1,1,1,1,1,7999,1,1,1,1,1,1,1,7999,1,1,7999,1,1,1,7999,7999,7999,7999,7999
2019170192,F2F_2019,4,4,2,3,15,14,13,13,1,1,1,1,1,1,7999,1,1,1,1,1,1,1,7999,1,1,7999,1,1,1,7999,7999,7999,7999,7999
2019010193,F2F_2019,3,4,5,4,15,13,14,14,1,1,1,1,1,1,7999,1,1,1,1,1,1,1,7999,1,1,7999,1,1,1,7999,7999,7999,7999,7999
2019020194,F2F_2019,4,3,1,2,14,15,13,14,1,1,1,1,1,1,7999,1,1,1,1,1,1,1,7999,1,1,7999,1,1,1,7999,7999,7999,7999,7999
2019140195,F2F_2019,4,3,0,4,15,15,15,13,1,1,1,1,1,1,7999,1,1,1,1,1,1,1,7999,1,1,7999,1,1,1,7999,7999,7999,7999,7999
2019230196,F2F_2019,4,3,4,4,14,14,13,14,1,1,1,1,1,9999,7999,1,1,1,1,1,1,1,7999,1,1,7999,1,1,1,7999,7999,7999,7999,7999
2019160197,F2F_2019,3,3,4,5,15,12,13,15,1,1,1,1,1,1,7999,1,1,1,1,1,1,1,7999,1,1,7999,1,1,1,7999,7999,7999,7999,7999
2019210198,F2F_2019,5,3,1,3,14,12,15,13,1,1,1,1,1,1,7999,1,1,1,1,1,1,1,7999,1,1,7999,1,1,1,7999,7999,7999,7999,7999
2019160199,F2F_2019,3,3,3,3,15,12,13,15,1,1,1,1,1,1,7999,1,1,1,1,1,1,1,7999,1,1,7999,1,1,1,7999,7999,7999,7999,7999
2019040200,F2F_2019,5,3,3,3,15,14,13,14,1,1,1,1,1,1,7999,1,1,1,1,1,1,1,7999,1,1,7999,1,1,1,7999,7999,7999,7999,7999
2019010201,F2F_2019,5,4,4,4,15,13,14,14,1,1,1,1,1,1,7999,1,1,1,1,1,1,1,7999,1,1,7999,1,1,1,7999,7999,7999,7999,7999
2019140202,F2F_2019,3,5,2,4,15,15,15,13,1,1,1,1,1,1,7999,1,1,1,1,1,1,1,7999,1,1,7999,1,1,1,7999,7999,7999,7999,7999
2019130203,F2F_2019,4,3,4,2,15,12,15,15,1,1,1,1,1,1,7999,1,1,1,1,1,1,1,7999,1,1,7999,1,1,1,7999,7999,7999,7999,7999
2019010204,F2F_2019,5,4,3,3,15,13,14,14,1,1,1,1,1,1,7999,1,1,1,1,1,1,1,7999,1,1,7999,1,1,1,7999,7999,7999,7999,7999
2019060205,F2F_2019,4,3,2,2,14,12,15,13,1,1,1,1,1,1,7999,1,1,1,1,1,1,1,7999,1,1,7999,1,1,1,7999,7999,7999,7999,7999
2019150206,F2F_2019,4,3,4,4,15,14,15,14,1,1,1,1,1,1,7999,1,1,1,1,1,1,1,7999,1,1,7999,1,1,1,7999,7999,7999,7999,7999
2019250207,F2F_2019,2,3,2,3,14,13,13,15,1,1,1,1,1,9999,7999,1,1,1,1,1,1,1,7999,1,1,7999,1,1,1,7999,7999,7999,7999,7999
2019020208,F2F_2019,4,2,1,3,14,15,13,14,1,1,1,1,1,1,7999,1,1,1,1,1,1,1,7999,1,1,7999,1,1,1,7999,7999,7999,7999,7999
2019050209,F2F_2019,3,3,2,3,14,14,12,13,1,1,1,1,1,1,7999,1,1,1,1,1,1,1,7999,1,1,7999,1,1,1,7999,7999,7999,7999,7999
2019180210,F2F_2019,3,2,0,3,15,14,15,14,1,1,1,1,1,1,7999,1,1,1,1,9999,1,1,7999,1,1,7999,1,1,1,7999,7999,7999,7999,7999
2.02E+11,F2F_2019,5,3,5,4,14,12,15,13,1,1,1,1,1,1,7999,1,1,1,1,1,1,1,7999,1,1,7999,1,1,1,7999,7999,7999,7999,7999
2019200212,F2F_2019,2,3,1,2,14,14,14,13,1,1,1,1,1,1,7999,1,1,1,1,1,1,1,7999,1,1,7999,1,1,1,7999,7999,7999,7999,7999
2019260213,F2F_2019,4,2,2,0,14,15,14,13,1,1,1,1,1,1,7999,1,1,1,1,1,1,1,7999,1,1,7999,9999,1,1,7999,7999,7999,7999,7999
2019060214,F2F_2019,3,2,4,2,14,12,15,13,1,1,1,1,1,1,7999,1,1,1,1,1,1,1,7999,1,1,7999,1,1,1,7999,7999,7999,7999,7999
2019080215,F2F_2019,4,4,3,4,15,14,14,13,1,1,1,1,1,1,7999,1,1,1,1,1,1,1,7999,1,1,7999,1,1,1,7999,7999,7999,7999,7999
2019220216,F2F_2019,3,3,3,3,14,14,15,15,1,1,1,1,1,1,7999,1,1,1,1,1,1,1,7999,1,1,7999,1,1,1,7999,7999,7999,7999,7999
2019200217,F2F_2019,3,3,4,2,14,14,14,13,1,1,1,1,1,1,7999,1,1,1,1,1,1,1,7999,1,1,7999,1,1,1,7999,7999,7999,7999,7999
2019180218,F2F_2019,4,3,4,2,15,14,15,14,1,1,1,1,1,1,7999,1,1,1,1,1,1,1,7999,1,1,7999,1,1,1,7999,7999,7999,7999,7999
2019220219,F2F_2019,3,2,3,0,14,14,15,15,1,1,1,1,1,1,7999,1,1,1,1,1,1,1,7999,1,1,7999,1,1,1,7999,7999,7999,7999,7999
2019040220,F2F_2019,3,2,4,2,15,14,13,14,1,1,1,1,1,1,7999,1,1,1,1,1,1,1,7999,1,1,7999,1,1,1,7999,7999,7999,7999,7999
2019250221,F2F_2019,4,3,2,4,14,13,13,15,1,1,1,1,1,1,7999,1,1,1,1,1,1,1,7999,1,1,7999,1,1,1,7999,7999,7999,7999,7999
2019180222,F2F_2019,3,3,4,4,15,14,15,14,1,1,1,1,1,1,7999,1,1,1,1,1,1,1,7999,1,1,7999,1,1,1,7999,7999,7999,7999,7999
2019170223,F2F_2019,2,4,0,3,15,14,13,13,1,1,1,1,1,1,7999,1,1,1,1,1,1,1,7999,1,1,7999,1,1,1,7999,7999,7999,7999,7999
2019180224,F2F_2019,2,2,2,3,15,14,15,14,1,1,1,1,1,1,7999,1,1,1,1,1,1,1,7999,1,1,7999,1,1,1,7999,7999,7999,7999,7999
2019220225,F2F_2019,4,3,3,4,14,14,15,15,1,1,1,1,1,1,7999,1,1,1,1,1,1,1,7999,1,1,7999,1,1,1,7999,7999,7999,7999,7999
2019230226,F2F_2019,4,2,2,4,14,14,13,14,1,1,1,1,1,1,7999,1,1,1,1,1,1,1,7999,1,1,7999,1,1,1,7999,7999,7999,7999,7999
2019010227,F2F_2019,4,4,1,7999,15,13,14,14,1,1,1,1,1,1,7999,1,1,1,1,1,1,1,7999,1,9999,7999,9999,1,1,7999,7999,7999,7999,7999
2019030228,F2F_2019,3,4,5,4,15,14,15,14,1,9999,1,1,1,1,7999,1,1,1,1,1,1,1,7999,1,1,7999,1,1,1,7999,7999,7999,7999,7999
2019080229,F2F_2019,4,4,4,0,15,14,14,13,1,1,1,1,1,1,7999,1,1,1,1,1,1,1,7999,1,9999,7999,9999,1,1,7999,7999,7999,7999,7999
2019100230,F2F_2019,4,4,4,4,14,15,13,13,1,1,1,1,1,1,7999,1,1,1,1,1,1,1,7999,1,1,7999,1,1,1,7999,7999,7999,7999,7999
2019150231,F2F_2019,5,4,4,4,15,14,15,14,1,1,1,1,1,1,7999,1,1,1,1,1,1,1,7999,1,1,7999,1,1,1,7999,7999,7999,7999,7999
2020120232,F2F_2020,2,1,3,2,15,15,13,15,1,1,1,1,1,0,7999,1,1,1,1,1,1,1,1,1,1,1,1,1,1,1,1,1,1,1
2020050001,F2F_2020,5,4,4,3,15,14,14,15,1,1,1,1,1,1,7999,1,1,1,1,1,1,1,1,1,1,1,1,1,1,1,1,1,1,1
2020180002,F2F_2020,4,4,4,5,15,15,15,15,1,1,1,1,1,1,7999,1,1,1,1,1,1,1,1,1,1,1,1,1,1,1,1,1,1,1
2020040003,F2F_2020,5,2,3,2,15,10,15,15,1,1,1,1,1,1,7999,1,1,1,1,1,1,1,1,1,1,1,1,1,1,1,0,1,1,1
2020050004,F2F_2020,4,4,0,4,15,14,14,15,1,1,1,1,1,1,7999,1,1,1,1,1,1,1,1,1,1,1,1,1,1,1,1,1,1,1
2020190005,F2F_2020,3,2,2,3,15,14,14,15,1,1,1,1,1,1,7999,1,1,1,1,1,1,1,1,1,1,1,1,1,1,1,1,1,1,1
2020110006,F2F_2020,3,3,0,5,12,15,14,15,1,1,1,1,1,1,7999,1,1,1,1,1,1,1,1,1,1,1,1,1,1,1,1,1,1,1
2020190007,F2F_2020,3,5,3,4,15,14,14,15,1,1,1,1,1,1,7999,1,1,1,0,1,1,1,1,1,1,1,1,1,1,1,1,1,1,1
2020250008,F2F_2020,2,3,3,5,15,15,14,14,1,1,1,1,1,1,7999,1,1,1,1,1,1,1,1,1,1,1,1,1,1,1,1,1,1,1
2020040009,F2F_2020,4,0,1,5,15,10,15,15,1,1,1,1,1,1,7999,1,1,1,1,1,1,1,1,1,1,1,1,1,1,1,1,1,1,1
2020150010,F2F_2020,3,1,2,3,15,15,15,15,1,1,1,1,1,1,7999,1,1,1,1,1,1,1,1,1,1,1,1,1,1,1,1,1,1,1
2020210011,F2F_2020,3,4,2,1,15,15,15,15,1,1,1,1,0,1,7999,1,1,1,1,1,1,1,1,1,1,1,1,1,1,1,1,1,1,1
2020080012,F2F_2020,4,2,1,3,15,15,12,14,1,1,1,1,1,1,7999,1,1,1,1,1,1,1,1,1,1,1,1,1,1,1,1,1,1,1
2020060013,F2F_2020,3,4,2,3,15,15,10,15,1,1,1,1,0,1,7999,1,1,1,1,1,1,1,1,1,1,1,1,1,1,1,1,1,1,1
2020200014,F2F_2020,5,3,2,4,15,15,15,15,1,1,1,1,1,1,7999,1,1,1,1,1,1,1,1,1,1,1,1,1,1,1,1,1,1,1
2020020015,F2F_2020,2,3,3,3,15,10,14,14,1,1,1,1,1,1,7999,1,1,1,1,1,1,1,1,1,1,1,1,1,1,1,1,1,1,1
2020180016,F2F_2020,4,1,3,3,15,15,15,15,1,0.5,1,1,1,1,7999,1,1,1,1,1,1,1,1,1,1,1,1,1,1,1,1,1,1,1
2020090017,F2F_2020,4,4,5,5,15,15,15,15,1,1,1,1,1,1,7999,1,1,1,1,1,1,1,1,1,1,1,1,1,1,1,1,1,1,1
2020190018,F2F_2020,5,3,4,3,15,14,14,15,1,1,1,1,1,1,7999,1,1,1,1,1,1,1,1,1,1,1,1,1,1,1,1,1,1,1
2020050019,F2F_2020,4,0,3,3,15,14,14,15,1,1,1,1,1,1,7999,1,1,1,1,1,1,1,1,1,1,1,1,1,1,1,1,1,1,1
2020200020,F2F_2020,2,1,2,3,15,15,15,15,1,1,1,1,1,1,7999,1,1,1,1,1,1,1,1,1,1,1,1,1,1,1,0,0,1,1
2020030021,F2F_2020,3,2,3,4,15,15,15,15,1,1,1,1,1,1,7999,1,1,1,1,1,1,1,1,1,1,1,1,1,1,1,1,1,1,1
2020230022,F2F_2020,3,2,4,1,15,14,15,15,1,1,1,1,1,1,7999,1,1,1,1,1,1,1,1,1,1,1,1,1,1,1,1,1,1,1
2020220023,F2F_2020,4,2,2,3,15,15,15,15,1,1,1,1,0,1,7999,1,1,1,1,1,1,1,1,1,1,1,1,1,1,1,1,1,1,1
2020160024,F2F_2020,4,4,4,5,15,13,16,15,1,1,1,1,1,1,7999,1,1,1,1,1,1,1,1,1,1,1,1,1,1,1,1,1,1,1
2020220025,F2F_2020,4,2,2,5,15,15,15,15,1,1,1,1,1,1,7999,1,1,1,1,1,1,1,1,1,1,1,1,1,1,1,1,1,1,1
2020120026,F2F_2020,2,2,2,2,15,15,13,15,1,1,1,1,1,1,7999,1,1,1,1,1,1,1,1,1,1,1,1,1,1,1,1,1,1,1
2020250027,F2F_2020,3,5,3,4,15,15,14,14,1,1,1,1,1,1,7999,1,1,1,1,1,1,1,1,1,1,1,1,1,1,1,1,1,1,1
2020030028,F2F_2020,5,4,1,3,15,15,15,15,1,1,1,1,1,1,7999,1,1,1,1,1,1,1,1,1,1,1,1,1,1,1,1,1,1,1
2020100029,F2F_2020,4,4,3,5,15,15,15,15,1,1,1,1,1,1,7999,1,1,1,1,1,1,1,1,1,1,1,1,1,1,1,1,1,1,1
2020220030,F2F_2020,5,4,4,4,15,15,15,15,1,1,1,1,0,1,7999,1,1,1,1,1,1,1,1,1,1,1,1,1,1,1,1,1,1,1
2020080031,F2F_2020,1,1,1,1,15,15,12,14,1,0.5,1,1,1,1,7999,1,1,1,1,1,1,1,1,1,1,1,1,1,1,1,1,1,1,1
2020190032,F2F_2020,2,2,2,1,15,14,14,15,1,1,1,1,1,1,7999,1,1,1,1,1,1,1,1,1,1,1,1,1,1,1,0,1,1,1
2020110033,F2F_2020,5,2,1,3,12,15,14,15,1,1,1,1,1,1,7999,1,1,1,1,1,1,1,1,1,1,1,1,1,1,1,1,1,1,1
2020110034,F2F_2020,4,3,2,3,12,15,14,15,1,1,1,1,1,1,7999,1,1,1,1,1,1,1,1,1,1,1,1,1,1,1,1,1,1,1
2020180035,F2F_2020,3,3,3,2,15,15,15,15,1,1,1,1,1,1,7999,1,1,1,1,1,1,1,1,1,1,1,1,1,1,1,1,1,1,1
2020130036,F2F_2020,3,1,3,4,15,13,15,15,1,1,1,1,1,1,7999,1,1,1,1,1,1,1,1,1,1,1,1,1,1,1,1,1,1,1
2020160037,F2F_2020,5,2,2,2,15,13,16,15,1,1,1,1,1,1,7999,1,1,1,1,1,1,1,1,1,1,1,1,1,1,1,1,1,1,1
2020100038,F2F_2020,2,3,3,3,15,15,15,15,1,1,1,1,1,1,7999,1,1,1,1,1,1,1,1,1,1,1,1,1,1,1,1,1,1,1
2020090039,F2F_2020,3,1,5,5,15,15,15,15,1,1,1,1,1,1,7999,1,1,1,0,1,1,1,1,1,1,1,1,1,1,1,1,1,1,1
2020020040,F2F_2020,3,3,3,4,15,10,14,14,1,1,1,1,1,1,7999,1,1,1,1,1,1,1,1,1,1,1,1,1,1,1,0,1,1,1
2020210041,F2F_2020,2,4,2,3,15,15,15,15,1,1,1,1,1,1,7999,1,1,1,1,1,1,1,1,1,1,1,1,1,1,1,1,1,1,1
2020200042,F2F_2020,4,2,2,2,15,15,15,15,1,1,1,1,1,1,7999,1,1,1,1,1,1,1,1,1,1,1,1,1,1,1,1,1,1,1
2020050043,F2F_2020,5,3,4,1,15,14,14,15,1,1,1,1,0,1,7999,1,1,1,0,1,1,1,1,1,1,1,1,1,1,1,1,1,1,1
2020130044,F2F_2020,3,3,1,3,15,13,15,15,1,1,1,1,1,1,7999,1,1,1,1,1,1,1,1,1,1,1,1,1,1,1,1,1,0,1
2020060045,F2F_2020,2,1,2,4,15,15,10,15,1,1,1,1,0,1,7999,1,1,1,1,1,1,1,1,1,1,1,1,1,1,1,1,1,1,1
2020240046,F2F_2020,5,3,2,2,15,14,15,14,1,1,1,1,1,1,7999,1,1,1,1,1,1,1,1,1,1,1,1,1,1,1,1,1,1,1
2020150047,F2F_2020,5,0,2,5,15,15,15,15,1,1,1,1,1,1,7999,1,1,1,1,1,1,1,1,1,1,1,1,1,1,1,1,1,1,1
2020050048,F2F_2020,5,2,4,4,15,14,14,15,1,1,1,1,1,1,7999,1,1,1,1,1,1,1,1,1,1,1,1,1,1,1,1,1,1,1
2020100049,F2F_2020,4,3,4,3,15,15,15,15,1,1,1,1,1,1,7999,1,1,1,1,1,1,1,1,1,1,1,1,1,1,1,1,1,1,1
2020140050,F2F_2020,4,2,3,2,15,14,14,15,1,1,1,1,1,1,7999,1,1,1,1,1,1,1,1,1,0,1,1,1,1,1,0,0,0,0
2020230051,F2F_2020,4,4,5,4,15,14,15,15,1,1,1,1,1,1,7999,1,1,1,1,1,1,1,1,1,1,1,1,1,1,1,1,1,1,1
2020240052,F2F_2020,2,4,4,4,15,14,15,14,1,1,1,1,0,1,7999,1,1,1,1,1,1,1,1,1,1,1,1,1,1,1,1,1,1,1
2020130053,F2F_2020,4,2,0,2,15,13,15,15,1,1,1,1,1,1,7999,1,1,1,1,1,1,1,1,1,1,1,1,1,1,1,1,1,1,1
2020220054,F2F_2020,3,1,3,2,15,15,15,15,1,1,1,1,0,1,7999,1,1,1,1,1,1,1,1,1,0,1,1,1,1,1,1,1,1,1
2020060055,F2F_2020,3,5,2,2,15,15,10,15,1,1,1,1,0,1,7999,1,1,1,1,1,1,1,1,1,1,1,1,1,1,1,1,1,1,1
2020030056,F2F_2020,3,3,4,4,15,15,15,15,1,1,1,1,1,1,7999,1,1,1,1,1,1,1,1,1,1,1,1,1,1,1,1,1,1,1
2020160057,F2F_2020,3,2,3,3,15,13,16,15,1,1,1,1,1,1,7999,1,1,1,1,1,1,1,1,1,1,1,1,1,1,1,0,1,1,1
2020220058,F2F_2020,3,2,3,4,15,15,15,15,1,1,1,1,1,1,7999,1,1,1,1,1,1,1,1,1,1,1,1,1,1,1,1,1,1,1
2020020059,F2F_2020,4,4,4,5,15,10,14,14,1,1,1,1,1,1,7999,1,1,1,1,1,1,1,1,1,1,1,1,1,1,1,1,1,1,1
2020090060,F2F_2020,2,4,3,3,15,15,15,15,1,1,1,1,1,1,7999,1,1,1,0,1,1,1,1,1,1,1,1,1,1,1,1,1,1,1
2020030061,F2F_2020,4,1,4,3,15,15,15,15,1,1,1,1,1,1,7999,1,1,1,1,1,1,1,1,1,1,1,1,1,1,1,1,1,1,1
2020010062,F2F_2020,5,3,3,5,15,14,15,15,1,1,1,1,1,1,7999,1,1,1,1,1,1,1,1,1,1,1,1,1,1,1,1,1,1,1
2020250063,F2F_2020,3,3,4,3,15,15,14,14,1,1,1,1,1,1,7999,1,1,1,1,1,1,1,1,1,1,1,1,1,1,1,1,1,1,1
2020080064,F2F_2020,4,3,4,3,15,15,12,14,1,1,1,1,1,1,7999,1,1,1,1,1,1,1,1,1,1,1,1,1,1,1,1,1,1,1
2020220065,F2F_2020,4,4,3,2,15,15,15,15,1,1,1,1,0,1,7999,1,1,1,1,1,1,1,1,1,1,1,1,1,1,1,1,1,1,1
2020100066,F2F_2020,3,5,2,3,15,15,15,15,1,1,1,1,1,1,7999,1,1,1,1,1,1,1,1,1,1,1,1,1,1,1,1,1,1,1
2020230067,F2F_2020,3,1,3,3,15,14,15,15,1,1,1,1,0,1,7999,1,1,1,1,1,1,1,1,1,0,1,1,1,1,1,1,1,1,1
2020160068,F2F_2020,3,3,3,4,15,13,16,15,1,1,1,1,1,1,7999,1,1,1,1,1,1,1,1,1,1,1,1,1,1,1,1,1,1,1
2020220069,F2F_2020,3,3,3,5,15,15,15,15,1,1,1,1,1,1,7999,1,1,1,1,1,1,1,1,1,1,1,1,1,1,1,1,1,1,1
2020020070,F2F_2020,4,2,5,2,15,10,14,14,1,1,1,1,1,1,7999,1,1,1,1,1,1,1,1,1,1,1,1,1,1,1,1,1,1,1
2020150071,F2F_2020,1,3,2,3,15,15,15,15,1,1,1,1,1,1,7999,1,1,1,1,1,1,1,1,1,1,1,1,1,1,1,1,1,1,1
2020150072,F2F_2020,5,5,5,3,15,15,15,15,1,1,1,1,1,1,7999,1,1,1,1,1,1,1,1,1,1,1,1,1,1,1,1,1,1,1
2020130073,F2F_2020,2,4,5,4,15,13,15,15,1,1,1,1,1,1,7999,1,1,1,1,1,1,1,1,1,1,1,1,1,1,1,1,1,1,1
2020150074,F2F_2020,3,4,4,5,15,15,15,15,1,1,1,1,1,1,7999,1,1,1,1,1,1,1,1,1,1,1,1,1,1,1,1,1,1,1
2020140075,F2F_2020,3,2,0,5,15,14,14,15,1,1,1,1,1,1,7999,1,1,1,1,1,1,1,1,1,1,1,1,1,1,1,1,1,1,1
2020090076,F2F_2020,3,4,3,4,15,15,15,15,1,1,1,1,1,1,7999,1,1,1,1,1,1,1,1,1,1,1,1,1,1,1,1,1,1,1
2020150077,F2F_2020,3,2,2,2,15,15,15,15,1,1,1,1,1,1,7999,1,1,1,1,1,1,1,1,1,1,1,1,1,1,1,1,1,1,1
2020040078,F2F_2020,4,2,1,0,15,10,15,15,1,1,1,1,0,1,7999,1,1,1,1,1,1,1,1,1,1,1,1,1,1,1,1,1,1,1
2020010079,F2F_2020,4,2,3,3,15,14,15,15,1,0.5,1,1,1,1,7999,1,1,1,1,1,1,1,1,1,1,1,1,1,1,1,1,1,1,1
2020050080,F2F_2020,2,3,1,5,15,14,14,15,1,1,1,1,1,1,7999,1,1,1,0,1,1,1,1,1,1,1,1,1,1,1,1,1,1,1
2020180081,F2F_2020,4,4,5,4,15,15,15,15,1,1,1,1,1,1,7999,1,1,1,1,1,1,1,1,1,1,1,1,1,1,1,1,1,1,0
2020090082,F2F_2020,2,3,1,4,15,15,15,15,1,1,1,1,1,1,7999,1,1,1,1,1,1,1,1,1,1,1,1,1,1,1,1,0,1,1
2020220083,F2F_2020,2,4,3,3,15,15,15,15,1,1,1,1,0,1,7999,1,1,1,0,1,1,1,1,1,0,1,1,1,1,1,1,1,1,1
2020140084,F2F_2020,2,2,1,2,15,14,14,15,1,1,1,1,1,1,7999,1,1,1,1,1,1,1,1,1,1,1,1,1,1,1,1,1,1,1
2020240085,F2F_2020,5,3,3,4,15,14,15,14,1,1,1,1,0,1,7999,1,1,1,1,1,1,1,1,1,1,1,1,1,1,1,1,1,1,1
2020060086,F2F_2020,4,3,4,4,15,15,10,15,1,1,1,1,0,1,7999,1,1,1,1,1,1,1,1,1,1,1,1,1,1,1,1,1,0,0
2020070087,F2F_2020,3,2,5,2,15,15,15,15,1,1,1,1,1,1,7999,1,1,1,1,1,1,1,1,1,0,1,1,1,1,1,0,1,1,1
2020010088,F2F_2020,2,4,0,4,15,14,15,15,1,1,1,1,1,1,7999,1,1,1,1,1,1,1,1,1,1,1,1,1,1,1,1,1,1,1
2020160089,F2F_2020,5,3,3,2,15,13,16,15,1,1,1,1,1,1,7999,1,1,1,1,1,1,1,1,1,1,1,1,1,1,1,1,1,1,1
2020130090,F2F_2020,4,2,1,5,15,13,15,15,1,1,1,1,1,1,7999,1,1,1,1,1,1,1,1,1,1,1,1,1,1,1,1,1,1,1
2020170091,F2F_2020,3,0,3,5,15,14,15,15,1,1,1,1,1,1,7999,1,1,1,1,1,1,1,1,1,1,1,1,1,1,1,1,1,1,1
2020140092,F2F_2020,3,3,3,3,15,14,14,15,1,1,1,1,1,1,7999,1,1,1,1,1,1,1,1,1,1,1,1,1,1,1,1,1,1,1
2020240093,F2F_2020,3,2,5,3,15,14,15,14,1,1,1,1,0,1,7999,1,1,1,1,1,1,1,1,1,1,1,1,1,1,1,1,1,1,1
2020180094,F2F_2020,3,2,5,3,15,15,15,15,1,1,1,1,1,1,7999,1,1,1,1,1,1,1,1,1,1,1,1,1,1,1,1,1,1,1
2020140095,F2F_2020,4,1,3,4,15,14,14,15,1,1,1,1,1,0,7999,1,1,1,1,1,1,1,1,1,1,1,1,1,1,1,1,1,1,1
2020240096,F2F_2020,4,3,3,3,15,14,15,14,1,1,1,1,0,1,7999,1,1,1,1,1,1,1,1,1,1,1,1,1,1,1,1,1,1,1
2020080097,F2F_2020,5,4,3,3,15,15,12,14,1,1,1,1,1,1,7999,1,1,1,1,1,1,1,1,1,1,1,1,1,1,1,1,1,1,1
2020050098,F2F_2020,4,3,4,3,15,14,14,15,1,1,1,1,0,1,7999,1,1,1,1,1,1,1,1,1,1,1,1,1,1,1,1,1,1,1
2020250099,F2F_2020,5,3,4,3,15,15,14,14,1,1,1,1,0,1,7999,1,1,1,1,1,1,1,1,1,1,1,1,1,1,1,1,1,1,1
2020110100,F2F_2020,4,2,1,3,12,15,14,15,1,1,1,1,1,1,7999,1,1,1,1,1,1,1,1,1,1,1,1,1,1,1,1,1,1,1
2020080101,F2F_2020,2,2,0,3,15,15,12,14,1,1,1,1,1,1,7999,1,1,1,1,1,1,1,1,1,1,1,1,1,1,1,1,1,1,1
2020110102,F2F_2020,3,1,2,1,12,15,14,15,1,1,1,1,1,1,7999,1,1,1,1,1,1,1,1,1,1,1,1,1,1,1,1,1,1,1
2020240103,F2F_2020,5,1,3,4,15,14,15,14,1,1,1,1,1,1,7999,1,1,1,1,1,1,1,1,1,0,1,1,1,1,1,1,1,1,1
2020020104,F2F_2020,3,3,5,4,15,10,14,14,1,1,1,1,1,1,7999,1,1,1,1,1,1,1,1,1,1,1,1,1,1,1,1,1,1,1
2020030105,F2F_2020,3,1,4,1,15,15,15,15,1,1,1,1,0,1,7999,1,1,1,1,1,1,1,1,1,1,1,1,1,1,1,1,1,1,1
2020120106,F2F_2020,1,3,1,2,15,15,13,15,1,1,1,1,1,1,7999,1,1,1,1,1,1,1,1,1,1,1,1,1,1,1,1,1,1,1
2020120107,F2F_2020,4,2,3,5,15,15,13,15,1,1,1,1,1,1,7999,1,1,1,1,1,1,1,1,1,1,1,1,1,1,1,0,0,0,0
2020210108,F2F_2020,2,2,3,4,15,15,15,15,1,1,1,1,1,1,7999,1,1,1,1,1,1,1,1,1,1,1,1,1,1,1,1,1,0,0
2020160109,F2F_2020,4,4,4,3,15,13,16,15,1,1,1,1,1,1,7999,1,1,1,1,1,1,1,1,1,1,1,1,1,1,1,1,1,1,1
2020120110,F2F_2020,4,1,4,5,15,15,13,15,1,1,1,1,1,1,7999,1,1,1,1,1,1,1,1,1,1,1,1,1,1,1,1,1,1,1
2020150111,F2F_2020,2,3,2,4,15,15,15,15,1,1,1,1,1,1,7999,1,1,1,1,1,1,1,1,1,1,1,1,1,1,1,1,0,1,1
2020160112,F2F_2020,5,4,3,3,15,13,16,15,1,1,1,1,1,1,7999,1,1,1,1,1,1,1,1,1,1,1,1,1,1,1,1,1,1,1
2020040113,F2F_2020,4,4,5,4,15,10,15,15,1,1,1,1,0,1,7999,1,1,1,1,1,1,1,1,1,1,1,1,1,1,1,1,1,1,0
2020230114,F2F_2020,2,3,4,3,15,14,15,15,1,1,1,1,0,1,7999,1,1,1,1,1,1,1,1,1,1,1,1,1,1,1,1,1,1,1
2020130115,F2F_2020,2,3,2,5,15,13,15,15,1,1,1,1,1,1,7999,1,1,1,1,1,1,1,1,1,1,1,1,1,1,1,1,1,1,1
2020040116,F2F_2020,2,3,2,2,15,10,15,15,1,1,1,1,1,1,7999,1,1,1,1,1,1,1,1,1,1,1,1,1,1,1,1,1,1,1
2020020117,F2F_2020,4,4,3,4,15,10,14,14,1,1,1,1,1,1,7999,1,1,1,1,1,1,1,1,1,1,1,1,1,1,1,1,1,1,1
2020100118,F2F_2020,5,3,3,1,15,15,15,15,1,1,1,1,1,1,7999,1,1,1,1,1,1,1,1,1,1,1,1,1,1,1,1,1,1,1
2020070119,F2F_2020,2,5,2,3,15,15,15,15,1,1,1,1,1,1,7999,1,1,1,1,1,1,1,1,1,1,1,1,1,1,1,0,0,1,1
2020240120,F2F_2020,5,3,3,2,15,14,15,14,1,1,1,1,0,1,7999,1,1,1,1,1,1,1,1,1,1,1,1,1,1,1,1,1,1,1
2020100121,F2F_2020,3,4,3,2,15,15,15,15,1,1,1,1,1,1,7999,1,1,1,1,1,1,1,1,1,1,1,1,1,1,1,1,1,1,1
2020060122,F2F_2020,4,2,3,2,15,15,10,15,1,1,1,1,0,1,7999,1,1,1,1,1,1,1,1,1,1,1,1,1,1,1,1,1,1,1
2020070123,F2F_2020,2,4,5,3,15,15,15,15,1,1,1,1,1,1,7999,1,1,1,1,1,1,1,1,1,1,1,1,1,1,1,1,1,1,1
2020160124,F2F_2020,3,3,4,3,15,13,16,15,1,1,1,1,1,1,7999,1,1,1,1,1,1,1,1,1,1,1,1,1,1,1,1,1,1,1
2020170125,F2F_2020,4,3,4,4,15,14,15,15,1,1,1,1,1,1,7999,1,1,1,1,1,1,1,1,1,1,1,1,1,1,1,1,1,1,1
2020060126,F2F_2020,5,2,2,4,15,15,10,15,1,1,1,1,1,1,7999,1,1,1,1,1,1,1,1,1,1,1,1,1,1,0,1,1,1,1
2020050127,F2F_2020,4,1,1,4,15,14,14,15,1,1,1,1,0,1,7999,1,1,1,1,1,1,1,1,1,1,1,1,1,1,1,1,1,1,1
2020190128,F2F_2020,2,1,3,4,15,14,14,15,1,1,1,1,1,1,7999,1,1,1,1,1,1,1,1,1,1,1,1,1,1,1,1,1,1,1
2020190129,F2F_2020,2,0,3,4,15,14,14,15,1,1,1,1,1,1,7999,1,1,1,1,1,1,1,1,1,1,1,1,1,1,1,1,1,1,1
2020200130,F2F_2020,5,2,3,2,15,15,15,15,1,1,1,1,1,1,7999,1,1,1,1,1,1,1,1,1,1,1,1,1,1,1,1,1,1,1
2020200131,F2F_2020,4,4,5,4,15,15,15,15,1,1,1,1,1,1,7999,1,1,1,1,1,1,1,1,1,1,1,1,1,1,1,1,1,1,1
2020210132,F2F_2020,2,2,3,3,15,15,15,15,1,1,1,1,1,1,7999,1,1,1,1,1,1,1,1,1,1,1,1,1,1,1,1,1,1,1
2020040133,F2F_2020,4,3,4,3,15,10,15,15,1,1,1,1,1,1,7999,1,1,1,1,1,1,1,1,1,1,1,1,1,1,1,1,1,0,1
2020230134,F2F_2020,3,4,2,2,15,14,15,15,1,1,1,1,0,0,7999,1,1,1,1,1,1,1,1,1,0,1,1,1,1,1,1,1,1,1
2020200135,F2F_2020,3,2,2,3,15,15,15,15,1,1,1,1,1,1,7999,1,1,1,1,1,1,1,1,1,1,1,1,1,1,1,1,1,1,1
2020020136,F2F_2020,4,2,3,1,15,10,14,14,1,1,1,1,1,1,7999,1,1,1,1,1,1,1,1,1,1,1,1,1,1,1,1,0,1,1
2020010137,F2F_2020,5,4,4,2,15,14,15,15,1,1,1,1,1,1,7999,1,1,1,1,1,1,1,1,1,1,1,1,1,1,1,1,1,1,1
2020210138,F2F_2020,4,1,4,3,15,15,15,15,1,1,1,1,1,1,7999,1,1,1,1,1,1,1,1,1,1,1,1,1,1,1,1,1,1,1
2020160139,F2F_2020,3,3,3,4,15,13,16,15,1,1,1,1,1,1,7999,1,1,1,1,1,1,1,1,1,1,1,1,1,1,1,1,1,1,1
2020110140,F2F_2020,4,4,1,3,12,15,14,15,1,1,1,1,1,1,7999,1,1,1,1,1,1,1,1,1,1,1,1,1,1,1,1,1,1,1
2020170141,F2F_2020,5,3,0,3,15,14,15,15,1,1,1,1,1,1,7999,1,1,1,1,1,1,1,1,1,1,1,1,1,1,1,1,1,1,1
2020190142,F2F_2020,2,4,3,4,15,14,14,15,1,1,1,1,1,1,7999,1,1,1,1,1,1,1,1,1,1,1,1,1,1,1,1,1,1,1
2020070143,F2F_2020,3,5,5,4,15,15,15,15,1,1,1,1,1,1,7999,1,1,1,1,1,1,1,1,1,1,1,1,1,1,1,1,1,1,1
2020230144,F2F_2020,3,3,5,5,15,14,15,15,1,1,1,1,1,0,7999,1,1,1,1,1,1,1,1,1,1,1,1,1,1,1,1,1,1,1
2020080145,F2F_2020,3,3,3,1,15,15,12,14,1,1,1,1,1,1,7999,1,1,1,1,1,1,1,1,1,1,1,1,1,1,1,1,1,1,1
2020210146,F2F_2020,4,3,5,4,15,15,15,15,1,1,1,1,0,1,7999,1,1,1,0,1,1,1,1,1,1,1,1,1,1,1,1,1,1,1
2020200147,F2F_2020,3,3,3,2,15,15,15,15,1,1,1,1,1,1,7999,1,1,1,0,1,1,1,1,1,1,1,1,1,1,1,0,1,1,1
2020250148,F2F_2020,3,4,4,3,15,15,14,14,1,1,1,1,1,1,7999,1,1,1,1,1,1,1,1,1,1,1,1,1,1,1,1,1,1,1
2020130149,F2F_2020,4,1,3,5,15,13,15,15,1,1,1,1,1,0,7999,1,1,1,1,1,1,1,1,1,1,1,1,1,1,1,1,0,1,1
2020030150,F2F_2020,5,1,3,2,15,15,15,15,1,1,1,1,1,1,7999,1,1,1,1,1,1,1,1,1,1,1,1,1,1,1,1,1,1,1
2020190151,F2F_2020,5,3,3,5,15,14,14,15,1,1,1,1,1,1,7999,1,1,1,1,1,1,1,1,1,1,1,1,1,1,1,1,1,1,1
2020050152,F2F_2020,5,4,3,4,15,14,14,15,1,1,1,1,0,1,7999,1,1,1,1,1,1,1,1,1,0,1,1,1,1,1,1,1,1,1
2020070153,F2F_2020,2,2,4,4,15,15,15,15,1,1,1,1,1,1,7999,1,1,1,1,1,1,1,1,1,1,1,1,1,1,1,1,1,1,1
2020040154,F2F_2020,2,2,2,1,15,10,15,15,1,1,1,1,0,1,7999,1,1,1,1,1,1,1,1,1,1,1,1,1,1,1,1,1,1,1
2020070155,F2F_2020,3,2,4,4,15,15,15,15,1,0.5,1,1,1,1,7999,1,1,1,1,1,1,1,1,1,1,1,1,1,1,1,0,1,0,1
2020230156,F2F_2020,3,3,2,3,15,14,15,15,1,1,1,1,0,1,7999,1,1,1,1,1,1,1,1,1,1,1,1,1,1,1,1,1,1,1
2020220157,F2F_2020,2,4,4,4,15,15,15,15,1,1,1,1,0,1,7999,1,1,1,1,1,1,1,1,1,1,1,1,1,1,1,1,1,1,0
2020170158,F2F_2020,3,3,4,3,15,14,15,15,1,1,1,1,1,1,7999,1,1,1,1,1,1,1,1,1,1,1,1,1,1,1,1,1,1,1
2020070159,F2F_2020,3,4,5,4,15,15,15,15,1,1,1,1,1,1,7999,1,1,1,1,1,1,1,1,1,1,1,1,1,1,1,0,1,1,1
2020250160,F2F_2020,3,2,3,4,15,15,14,14,1,0.5,1,1,0,1,7999,1,1,1,1,1,1,1,1,1,1,1,1,1,1,1,1,1,1,1
2020210161,F2F_2020,1,1,4,3,15,15,15,15,1,1,1,1,1,1,7999,1,1,1,1,1,1,1,1,1,1,1,1,1,1,1,1,1,1,1
2020180162,F2F_2020,4,2,2,5,15,15,15,15,1,1,1,1,1,1,7999,1,1,1,1,1,1,1,1,1,1,1,1,1,1,1,1,1,1,1
2020230163,F2F_2020,5,2,2,5,15,14,15,15,1,1,1,1,0,1,7999,1,1,1,1,1,1,1,1,1,1,1,1,1,1,1,1,1,1,1
2020040164,F2F_2020,2,1,1,3,15,10,15,15,1,1,1,1,1,1,7999,1,1,1,0,1,1,1,1,1,1,1,1,1,1,1,1,1,0,0
2020240165,F2F_2020,3,4,3,4,15,14,15,14,1,1,1,1,1,1,7999,1,1,1,1,1,1,1,1,1,1,1,1,1,1,1,1,1,1,1
2020180166,F2F_2020,3,2,3,2,15,15,15,15,1,1,1,1,1,1,7999,1,1,1,1,1,1,1,1,1,1,1,1,1,1,1,1,1,1,1
2020250167,F2F_2020,1,1,2,4,15,15,14,14,1,1,1,1,0,1,7999,1,1,1,1,1,1,1,1,1,1,1,1,1,1,0,1,1,1,1
2020180168,F2F_2020,4,4,2,4,15,15,15,15,1,1,1,1,1,1,7999,1,1,1,1,1,1,1,1,1,1,1,1,1,1,1,1,1,1,1
2020120169,F2F_2020,3,4,3,4,15,15,13,15,1,1,1,1,1,1,7999,1,1,1,1,1,1,1,1,1,1,1,1,1,1,1,1,1,1,1
2020250170,F2F_2020,4,3,2,2,15,15,14,14,1,1,1,1,1,1,7999,1,1,1,1,1,1,1,1,1,1,1,1,1,1,1,1,1,1,1
2020100171,F2F_2020,3,2,2,1,15,15,15,15,1,1,1,1,1,1,7999,1,1,1,1,1,1,1,1,1,1,1,1,1,1,1,1,1,1,1
2020100172,F2F_2020,5,4,3,1,15,15,15,15,1,1,1,1,1,1,7999,1,1,1,1,1,1,1,1,1,1,1,1,1,1,1,1,1,1,1
2020110173,F2F_2020,3,3,3,4,12,15,14,15,1,1,1,1,1,1,7999,1,1,1,1,1,1,1,1,1,1,1,1,1,1,0,0,1,1,1
2020210174,F2F_2020,5,3,2,3,15,15,15,15,1,1,1,1,1,1,7999,1,1,1,1,1,1,1,1,1,1,1,1,1,1,1,1,1,1,1
2020070175,F2F_2020,4,3,3,3,15,15,15,15,1,1,1,1,1,1,7999,1,1,1,1,1,1,1,1,1,0,1,1,1,1,1,1,1,1,1
2020230176,F2F_2020,4,4,2,2,15,14,15,15,1,1,1,1,1,1,7999,1,1,1,1,1,1,1,1,1,1,1,1,1,1,1,1,1,1,1
2020170177,F2F_2020,2,2,5,2,15,14,15,15,1,1,1,1,1,1,7999,1,1,1,1,1,1,1,1,1,1,1,1,1,1,1,1,1,1,1
2020060178,F2F_2020,5,2,3,3,15,15,10,15,1,1,1,1,0,1,7999,1,1,1,1,1,1,1,1,1,1,1,1,1,1,1,1,1,1,1
2020150179,F2F_2020,5,4,4,4,15,15,15,15,1,0.5,1,1,1,1,7999,1,1,1,1,1,1,1,1,1,1,1,1,1,1,1,1,1,1,1
2020010180,F2F_2020,2,3,5,2,15,14,15,15,1,1,1,1,1,1,7999,1,1,1,1,1,1,1,1,1,1,1,1,1,1,1,1,1,1,1
2020030181,F2F_2020,5,5,5,5,15,15,15,15,1,1,1,1,1,1,7999,1,1,1,1,1,1,1,1,1,1,1,1,1,1,1,1,0,0,0
2020010182,F2F_2020,4,3,3,3,15,14,15,15,1,1,1,1,1,1,7999,1,1,1,1,1,1,1,1,1,1,1,1,1,1,1,1,1,1,1
2020030183,F2F_2020,3,2,3,4,15,15,15,15,1,1,1,1,0,1,7999,1,1,1,0,1,1,1,1,1,0,1,1,1,1,0,1,1,1,1
2020230184,F2F_2020,2,1,2,4,15,14,15,15,1,1,1,1,0,1,7999,1,1,1,1,1,1,1,1,1,1,1,1,1,1,1,1,1,1,1
2020200185,F2F_2020,4,4,3,4,15,15,15,15,1,1,1,1,1,1,7999,1,1,1,1,1,1,1,1,1,1,1,1,1,1,1,1,1,1,1
2020240186,F2F_2020,3,3,2,3,15,14,15,14,1,1,1,1,0,1,7999,1,1,1,1,1,1,1,1,1,1,1,1,1,1,1,1,1,1,1
2020140187,F2F_2020,3,4,2,4,15,14,14,15,1,1,1,1,1,1,7999,1,1,1,1,1,1,1,1,1,1,1,1,1,1,1,1,1,1,1
2020190188,F2F_2020,2,4,3,3,15,14,14,15,1,1,1,1,1,1,7999,1,1,1,1,1,1,1,1,1,0,1,1,1,1,1,1,1,1,1
2020020189,F2F_2020,1,3,3,4,15,10,14,14,1,1,1,1,1,1,7999,1,1,1,1,1,1,1,1,1,1,1,1,1,1,1,1,1,1,1
2020110190,F2F_2020,4,4,3,4,12,15,14,15,1,0.5,1,1,1,1,7999,1,1,1,1,1,1,1,1,1,1,1,1,1,1,1,1,1,1,1
2020210191,F2F_2020,4,3,5,3,15,15,15,15,1,1,1,1,0,1,7999,1,1,1,1,1,1,1,1,1,1,1,1,1,1,1,1,1,1,1
2020140192,F2F_2020,4,3,3,4,15,14,14,15,1,1,1,1,1,1,7999,1,1,1,1,1,1,1,1,1,1,1,1,1,1,1,1,1,1,1
2020170193,F2F_2020,3,2,4,5,15,14,15,15,1,1,1,1,1,1,7999,1,1,1,1,1,1,1,1,1,1,1,1,1,1,1,1,1,1,1
2020030194,F2F_2020,5,2,1,2,15,15,15,15,1,1,1,1,1,1,7999,1,1,1,1,1,1,1,1,1,1,1,1,1,1,1,1,1,1,1
2020100195,F2F_2020,4,3,4,2,15,15,15,15,1,1,1,1,1,1,7999,1,1,1,1,1,1,1,1,1,1,1,1,1,1,1,1,1,1,1
2020090196,F2F_2020,3,1,5,4,15,15,15,15,1,1,1,1,1,1,7999,1,1,1,1,1,1,1,1,1,1,1,1,1,1,1,1,1,1,1
2020150197,F2F_2020,3,1,3,2,15,15,15,15,1,1,1,1,1,1,7999,1,1,1,1,1,1,1,1,1,1,1,1,1,1,1,1,1,1,1
2020090198,F2F_2020,2,3,4,2,15,15,15,15,1,1,1,1,1,1,7999,1,1,1,1,1,1,1,1,1,1,1,1,1,1,1,1,1,1,1
2020070199,F2F_2020,3,2,4,3,15,15,15,15,1,1,1,1,1,1,7999,1,1,1,0,1,1,1,1,1,1,1,1,1,1,1,1,1,1,1
2020140200,F2F_2020,2,0,2,3,15,14,14,15,1,1,1,1,1,1,7999,1,1,1,1,1,1,1,1,1,1,1,1,1,1,1,1,1,1,1
2020040201,F2F_2020,3,3,4,4,15,10,15,15,1,1,1,1,1,1,7999,1,1,1,1,1,1,1,1,1,1,1,1,1,1,1,1,1,1,1
2020080202,F2F_2020,3,3,2,1,15,15,12,14,1,1,1,1,1,1,7999,1,1,1,0,1,1,1,1,1,1,1,1,1,1,1,1,1,1,1
2020090203,F2F_2020,5,3,5,3,15,15,15,15,1,1,1,1,1,1,7999,1,1,1,1,1,1,1,1,1,1,1,1,1,1,1,1,1,1,1
2020010204,F2F_2020,1,4,3,5,15,14,15,15,1,1,1,1,0,1,7999,1,1,1,1,1,1,1,1,1,1,1,1,1,1,1,0,0,0,0
2020080205,F2F_2020,4,3,2,3,15,15,12,14,1,1,1,1,1,1,7999,1,1,1,1,1,1,1,1,1,1,1,1,1,1,1,1,1,1,1
2020090206,F2F_2020,3,3,2,4,15,15,15,15,1,1,1,1,1,1,7999,1,1,1,1,1,1,1,1,1,1,1,1,1,1,1,1,1,1,1
2020060207,F2F_2020,2,3,2,3,15,15,10,15,1,1,1,1,1,1,7999,1,1,1,1,1,1,1,1,1,1,1,1,1,1,1,1,1,1,1
2020200208,F2F_2020,5,4,2,3,15,15,15,15,1,1,1,1,1,1,7999,1,1,1,1,1,1,1,1,1,1,1,1,1,1,1,1,1,1,1
2020080209,F2F_2020,3,3,2,5,15,15,12,14,1,1,1,1,1,1,7999,1,1,1,0,1,1,1,1,1,1,1,1,1,1,1,1,1,1,1
2020120210,F2F_2020,3,4,4,3,15,15,13,15,1,1,1,1,1,1,7999,1,1,1,1,1,1,1,1,1,1,1,1,1,1,1,1,1,1,1
2.021E+11,F2F_2020,3,2,2,5,15,13,15,15,1,1,1,1,1,1,7999,1,1,1,1,1,1,1,1,1,1,1,1,1,1,0,1,0,1,1
2020060212,F2F_2020,3,2,2,3,15,15,10,15,1,1,1,1,0,1,7999,1,1,1,1,1,1,1,1,1,1,1,1,1,1,1,1,1,1,1
2020250213,F2F_2020,3,1,3,3,15,15,14,14,1,1,1,1,1,1,7999,1,1,1,1,1,1,1,1,1,1,1,1,1,1,1,1,1,1,1
2020170214,F2F_2020,3,3,2,4,15,14,15,15,1,1,1,1,1,0,7999,1,1,1,1,1,1,1,1,1,1,1,1,1,1,1,1,1,1,1
2020020215,F2F_2020,4,4,2,3,15,10,14,14,1,1,1,1,1,1,7999,1,1,1,1,1,1,1,1,1,1,1,1,1,1,1,1,1,1,1
2020120216,F2F_2020,3,3,4,3,15,15,13,15,1,1,1,1,1,1,7999,1,1,1,1,1,1,1,1,1,1,1,1,1,1,1,1,1,1,1
2020140217,F2F_2020,4,1,4,3,15,14,14,15,1,1,1,1,1,1,7999,1,1,1,1,1,1,1,1,1,1,1,1,1,1,1,1,1,1,1
2020170218,F2F_2020,2,2,4,1,15,14,15,15,1,1,1,1,1,1,7999,1,1,1,1,1,1,1,1,1,1,1,1,1,1,1,1,1,1,1
2020010219,F2F_2020,4,2,5,2,15,14,15,15,1,1,1,1,1,1,7999,1,1,1,1,1,1,1,1,1,1,1,1,1,1,1,1,1,1,1
2020010220,F2F_2020,4,1,3,2,15,14,15,15,1,1,1,1,1,1,7999,1,1,1,1,1,1,1,1,1,0,1,1,1,1,1,1,1,1,1
2020180221,F2F_2020,3,2,4,4,15,15,15,15,1,1,1,1,1,1,7999,1,1,1,1,1,1,1,1,1,1,1,1,1,1,1,1,1,1,1
2021240001,F2F_2021,3,2,5,3,15,14,15,13,1,1,1,1,0,1,1,1,1,1,0,1,1,1,1,1,1,1,0,1,1,1,1,1,1,1
2021080002,F2F_2021,3,2,3,2,15,14,15,13,1,1,1,1,1,1,1,1,1,1,1,1,1,1,1,1,0,1,1,1,1,1,1,1,1,1
2021080003,F2F_2021,4,2,3,4,15,14,15,13,1,1,1,1,1,1,1,1,1,0,1,1,1,1,1,1,1,1,1,1,1,1,1,1,1,1
2021050004,F2F_2021,4,2,2,3,15,15,14,15,1,1,1,1,1,1,1,1,1,0,1,1,1,1,1,1,1,1,1,1,0,0,0,1,1,1
2021210005,F2F_2021,4,2,2,5,15,12,15,15,1,1,1,1,1,1,1,1,1,0,0,1,1,0,1,1,1,1,1,1,0,1,1,1,1,1
2021090006,F2F_2021,5,2,5,2,15,13,15,13,1,1,1,1,1,1,1,1,1,1,1,1,1,1,1,1,1,1,1,1,1,1,1,1,1,1
2021110007,F2F_2021,4,3,3,4,15,12,12,14,1,1,1,1,1,1,1,1,1,1,1,1,1,1,1,1,1,1,1,0,1,1,1,1,1,1
2021140008,F2F_2021,4,2,3,3,15,11,14,15,1,1,1,1,1,1,1,1,1,0,1,1,1,1,1,1,1,1,1,1,1,1,1,1,1,1
2021080009,F2F_2021,4,3,5,3,15,14,15,13,1,1,1,1,1,1,1,1,1,1,1,1,1,1,1,1,1,1,1,1,1,1,1,1,1,1
2021220010,F2F_2021,2,2,4,3,15,12,15,12,1,1,1,1,1,1,1,1,1,1,1,1,1,0,1,1,1,1,1,1,1,1,1,1,1,1
2021130011,F2F_2021,1,3,1,3,15,14,14,13,1,1,1,1,1,1,1,1,1,1,1,1,1,1,1,1,1,1,1,1,1,1,1,1,1,1
2021200012,F2F_2021,5,2,3,3,15,8,15,14,1,1,1,1,1,1,1,1,1,1,1,1,1,1,1,1,1,1,1,1,1,1,1,1,1,1
2021010013,F2F_2021,5,3,1,3,15,12,15,14,1,1,1,1,1,1,1,1,1,1,1,1,1,1,1,1,1,1,1,1,1,1,1,1,1,1
2021110014,F2F_2021,4,0,3,2,15,12,12,14,1,1,1,1,1,1,1,1,1,1,1,1,1,0,1,1,1,1,1,0,1,1,1,1,1,1
2021010015,F2F_2021,4,2,0,2,15,12,15,14,1,1,1,1,1,1,1,1,1,1,1,1,1,1,1,1,1,1,1,1,1,1,1,1,1,1
2021160016,F2F_2021,3,4,5,3,15,15,14,12,1,1,1,1,1,1,1,1,1,1,1,1,1,1,1,1,1,1,1,1,1,1,1,1,1,1
2021160017,F2F_2021,3,2,3,7999,15,15,14,7999,1,1,1,1,1,1,1,1,1,1,1,1,1,0,1,1,1,0,7999,1,7999,1,1,1,1,1
2021220018,F2F_2021,3,4,5,3,15,12,15,12,1,1,1,1,1,1,1,1,1,1,1,1,1,1,1,1,1,1,1,1,1,1,1,1,1,1
2021240019,F2F_2021,3,1,3,3,15,14,15,13,1,0,1,1,1,1,1,1,1,1,1,1,1,1,1,1,1,0,1,1,1,1,1,1,1,1
2021250020,F2F_2021,3,1,3,2,15,11,15,14,1,1,1,1,1,1,1,1,1,1,1,1,1,1,1,1,1,1,1,1,1,1,1,1,1,1
2021080021,F2F_2021,4,3,3,4,15,14,15,13,1,1,1,1,1,1,1,1,1,1,1,1,1,1,1,1,1,1,1,1,1,1,1,1,1,1
2021200022,F2F_2021,4,2,3,4,15,8,15,14,1,1,1,1,1,1,1,1,1,1,1,1,1,1,1,1,1,1,1,1,1,1,1,1,1,1
2021200023,F2F_2021,5,2,0,4,15,8,15,14,1,1,1,1,1,1,1,1,1,1,1,1,1,1,1,1,1,1,1,1,1,1,1,1,1,1
2021050024,F2F_2021,4,4,5,3,15,15,14,15,1,1,1,1,1,1,1,1,1,1,1,1,1,1,1,1,1,1,1,1,1,1,1,1,1,1
2021060025,F2F_2021,5,3,1,4,15,15,15,13,1,1,1,1,1,1,1,1,1,1,1,1,1,1,1,1,1,1,1,1,1,1,1,1,1,1
2021250026,F2F_2021,4,1,0,3,15,11,15,14,1,1,1,1,1,1,1,1,1,1,0,0,1,0,1,1,1,0,1,1,1,1,1,1,1,1
2021090027,F2F_2021,4,3,4,2,15,13,15,13,1,1,1,1,1,1,1,1,1,1,1,1,1,1,1,1,1,1,1,1,1,1,1,1,1,1
2021120028,F2F_2021,5,3,5,2,15,11,15,14,1,1,1,1,1,1,1,1,1,1,1,1,1,1,1,1,1,1,1,1,1,1,1,1,1,1
2021070029,F2F_2021,3,1,3,0,15,12,15,13,1,1,1,1,0,1,1,1,1,0,0,1,1,0,1,1,0,0,0,1,0,1,1,1,1,1
2021110030,F2F_2021,4,3,2,2,15,12,12,14,1,1,1,1,1,1,1,1,1,1,1,1,1,1,1,1,1,1,1,0,1,1,1,1,1,1
2021030031,F2F_2021,3,3,2,4,15,12,14,14,1,1,1,1,1,1,1,1,1,1,1,1,1,1,1,1,1,1,1,1,1,1,1,1,1,1
2021190032,F2F_2021,4,2,3,4,15,13,14,15,1,1,1,1,1,1,1,1,1,1,1,1,1,1,1,1,1,1,1,1,1,1,1,1,1,1
2021210033,F2F_2021,3,1,4,3,15,12,15,15,1,1,1,1,1,1,1,1,1,1,1,1,1,1,1,1,1,1,1,1,1,1,1,1,1,1
2021130034,F2F_2021,3,2,3,4,15,14,14,13,1,1,1,1,0,1,1,1,1,1,1,1,1,0,1,1,1,1,1,1,0,1,1,1,1,0
2021220035,F2F_2021,3,4,3,0,15,12,15,12,1,1,1,1,0,1,1,1,1,0,1,1,1,0,0,1,1,1,1,1,0,1,1,1,1,1
2021180036,F2F_2021,3,3,2,5,15,15,15,15,1,1,1,1,1,1,1,1,1,1,1,1,1,1,1,1,1,1,1,1,1,1,1,1,1,1
2021230037,F2F_2021,4,3,4,3,15,14,13,15,1,1,1,1,0,1,1,1,1,1,1,1,1,1,1,1,1,1,1,1,1,1,1,1,1,1
2021070038,F2F_2021,3,7999,3,1,15,7999,15,13,1,1,1,1,0,1,0,7999,1,0,1,1,1,1,0,1,1,0,1,1,1,1,1,1,1,1
2021160039,F2F_2021,3,5,4,3,15,15,14,12,1,1,1,1,1,1,1,1,1,1,1,1,1,1,1,1,1,1,1,1,1,1,1,1,1,1
2021010040,F2F_2021,3,4,5,4,15,12,15,14,1,1,1,1,1,1,1,1,1,1,1,1,1,1,1,1,1,1,1,1,1,1,1,1,1,1
2021040041,F2F_2021,4,2,7999,3,15,12,7999,15,1,1,1,1,1,1,1,1,1,1,1,7999,1,7999,1,1,1,1,1,1,0,1,1,1,1,1
2021100042,F2F_2021,3,3,2,4,15,12,15,15,1,1,1,1,1,1,1,1,1,1,1,1,1,1,1,1,1,1,1,1,1,1,1,1,1,1
2021250043,F2F_2021,1,1,1,1,15,11,15,14,1,1,1,1,1,1,1,1,1,1,1,1,1,1,1,1,1,1,1,1,1,1,1,1,1,1
2021170044,F2F_2021,2,2,4,3,15,12,15,14,1,1,1,1,1,1,1,1,1,1,1,1,1,1,1,1,1,0,1,1,1,1,1,1,1,1
2021100045,F2F_2021,3,3,4,3,15,12,15,15,1,1,1,1,1,1,1,1,1,1,1,1,1,1,1,1,1,1,1,1,1,1,1,1,1,1
2021110046,F2F_2021,5,2,5,2,15,12,12,14,1,1,1,1,1,1,1,1,1,1,1,1,1,1,1,1,1,1,1,0,1,1,1,1,1,1
2021050047,F2F_2021,3,1,2,4,15,15,14,15,1,1,1,1,1,1,1,1,1,1,1,1,1,0,1,1,1,1,1,1,0,1,1,1,1,1
2021130048,F2F_2021,3,3,2,2,15,14,14,13,1,1,1,1,1,1,1,1,1,1,1,1,1,1,1,1,1,1,1,1,1,1,1,1,1,1
2021050049,F2F_2021,4,2,4,5,15,15,14,15,1,1,1,1,1,1,1,1,1,1,1,1,1,1,1,1,1,1,1,1,1,1,1,1,1,1
2021240050,F2F_2021,5,2,2,5,15,14,15,13,1,1,1,1,1,1,1,1,1,1,1,1,1,1,1,1,1,1,1,1,1,1,1,1,1,1
2021180051,F2F_2021,4,4,4,4,15,15,15,15,1,1,1,1,1,1,1,1,1,1,1,1,1,1,1,1,1,1,1,1,1,1,1,1,1,1
2021040052,F2F_2021,2,3,2,5,15,12,12,15,1,1,1,1,0,1,1,1,1,0,1,1,1,0,1,1,1,0,1,1,0,1,1,1,1,1
2021070053,F2F_2021,5,5,5,4,15,12,15,13,1,1,1,1,1,1,1,1,1,1,1,1,1,1,1,1,1,1,1,1,0,1,1,1,1,1
2021160054,F2F_2021,2,4,2,7999,15,15,14,7999,1,1,1,1,1,1,1,1,1,1,0,1,1,1,1,1,1,1,7999,1,7999,1,1,1,1,1
2021170055,F2F_2021,4,2,3,4,15,12,15,14,1,1,1,1,1,1,1,1,1,1,1,1,1,1,1,1,1,0,1,1,1,1,1,1,1,1
2021240056,F2F_2021,5,5,4,4,15,14,15,13,1,1,1,1,1,1,1,1,1,1,1,1,1,1,1,1,1,1,1,1,1,1,1,1,1,1
2021150057,F2F_2021,5,2,4,3,15,13,13,15,1,1,1,1,1,1,1,1,1,1,1,1,1,1,1,1,1,1,1,1,1,1,1,1,1,1
2021180058,F2F_2021,3,3,3,2,15,15,15,15,1,1,1,1,1,1,1,1,1,1,1,1,1,1,1,1,1,1,1,1,1,1,1,1,1,1
2021190059,F2F_2021,4,0,2,3,15,13,14,15,1,1,1,1,0,1,1,1,1,0,1,1,1,1,1,1,1,1,1,1,0,1,1,1,1,1
2021230060,F2F_2021,4,3,3,4,15,14,13,15,1,1,1,1,1,1,1,1,1,1,1,1,1,1,1,1,1,1,1,1,1,1,1,1,1,1
2021110061,F2F_2021,3,1,3,7999,15,12,12,7999,1,1,1,1,1,1,1,1,1,1,1,1,1,1,1,1,1,0,7999,7999,7999,1,1,1,1,1
2021020062,F2F_2021,2,4,3,4,15,14,13,14,1,1,1,1,1,1,1,1,1,1,1,1,1,1,1,1,1,1,1,1,1,1,1,1,1,1
2021100063,F2F_2021,5,2,2,1,15,12,15,15,1,1,1,1,1,1,1,1,1,1,1,1,1,1,1,1,1,1,1,1,1,1,1,1,1,1
2021210064,F2F_2021,3,3,1,3,15,12,15,15,1,1,1,1,1,1,1,1,1,1,1,1,1,1,1,1,1,1,1,1,1,1,1,1,1,1
2021070065,F2F_2021,5,3,4,3,15,12,15,13,1,1,1,1,1,1,1,1,1,1,1,1,1,1,1,1,1,1,1,1,1,1,1,1,1,1
2021180066,F2F_2021,3,3,4,3,15,15,15,15,1,1,1,1,1,1,1,1,1,1,1,1,1,1,1,1,1,1,1,1,1,1,1,1,1,1
2021060067,F2F_2021,5,3,4,3,15,15,15,13,1,1,1,1,1,1,1,1,1,1,1,1,1,1,1,1,1,1,1,1,1,1,1,1,1,1
2021120068,F2F_2021,3,2,2,4,15,11,15,14,1,1,1,1,0,1,1,1,1,0,1,1,1,1,1,1,1,1,1,1,1,1,1,1,1,1
2021090069,F2F_2021,2,3,4,7999,15,13,15,7999,1,1,1,1,1,1,1,1,1,0,1,1,1,0,1,1,1,0,7999,1,7999,1,1,1,1,1
2021030070,F2F_2021,4,0,4,1,15,12,14,14,1,1,1,1,1,1,1,1,1,1,1,1,1,1,1,1,1,1,1,1,1,1,1,1,1,1
2021130071,F2F_2021,5,3,3,4,15,14,14,13,1,1,1,1,1,1,1,1,1,1,1,1,1,0,1,1,1,0,1,1,0,1,1,1,1,1
2021160072,F2F_2021,5,4,3,2,15,15,14,12,1,1,1,1,1,1,1,1,1,1,1,1,1,1,1,1,1,1,1,1,1,1,1,1,1,1
2.022E+11,F2F_2021,0,0,0,0,15,0,0,0,,0,,,,0,0,0,0,0,0,0,0,0,0,1,0,0,0,0,0,0,0,0,0,0
2021220074,F2F_2021,4,3,3,3,15,12,15,12,1,1,1,1,1,1,1,1,1,1,1,1,1,1,1,1,1,1,1,1,1,1,1,1,1,1
2021140075,F2F_2021,4,3,4,4,15,11,14,15,1,1,1,1,1,1,1,1,1,1,1,1,1,1,1,1,1,1,1,1,1,1,1,1,1,1
2021090076,F2F_2021,3,5,3,3,15,13,15,13,1,1,1,1,0,0,0,1,1,1,1,1,1,1,1,1,1,0,1,1,1,1,1,1,1,1
2021150077,F2F_2021,7999,2,2,4,15,13,13,15,1,1,1,1,1,1,1,1,1,1,1,1,1,1,1,1,1,1,1,1,1,1,1,1,1,1
2021250078,F2F_2021,3,2,4,4,15,11,15,14,1,1,1,1,1,1,1,1,1,1,1,1,1,1,1,1,1,1,1,1,1,1,1,1,1,1
2021150079,F2F_2021,2,3,3,7999,15,13,13,7999,1,1,7999,7999,7999,1,1,1,1,1,1,1,1,1,1,1,1,1,7999,1,7999,1,1,1,1,1
2021040080,F2F_2021,4,3,2,1,15,12,12,15,1,1,1,1,1,1,1,1,1,1,1,1,1,0,1,1,1,1,1,1,1,1,1,1,1,1
2021150081,F2F_2021,5,3,4,5,15,13,13,15,1,1,1,1,1,1,1,1,1,1,1,1,1,1,1,1,1,1,1,1,1,1,1,1,1,1
2021120082,F2F_2021,5,2,4,4,15,11,15,14,1,1,1,1,1,1,1,1,1,1,1,1,1,1,1,1,1,1,1,1,1,1,1,1,1,1
2021170083,F2F_2021,3,1,2,4,15,12,15,14,1,1,1,1,1,1,1,1,1,1,1,1,1,1,1,1,1,1,1,1,1,1,1,1,1,1
2021180084,F2F_2021,2,3,4,4,15,15,15,15,1,1,1,1,1,1,1,1,1,1,1,1,1,1,1,1,1,1,1,1,1,1,1,1,1,1
2021060085,F2F_2021,5,1,3,3,15,15,15,13,1,1,1,1,1,1,1,1,1,1,1,1,1,1,1,1,1,1,1,1,1,1,1,1,1,1
2021220086,F2F_2021,3,3,2,3,15,12,15,12,1,1,1,1,1,1,1,1,1,1,1,1,1,1,1,1,1,1,1,1,1,1,1,1,1,1
2021060087,F2F_2021,4,2,2,4,15,15,15,13,1,1,1,1,1,1,1,1,1,1,1,1,1,1,1,1,1,1,1,1,1,1,1,1,1,1
2021060088,F2F_2021,5,2,1,3,15,15,15,13,1,1,1,1,1,1,1,1,1,1,1,1,1,1,1,1,1,1,1,1,1,1,1,1,1,1
2021230089,F2F_2021,5,2,3,4,15,14,13,15,1,1,1,1,1,1,1,1,1,1,1,1,1,1,1,1,1,1,1,1,1,1,1,1,1,1
2021090090,F2F_2021,4,2,3,3,15,13,15,13,1,1,1,1,0,1,1,1,1,1,1,1,1,1,1,1,1,1,1,1,1,1,1,1,1,1
2021080091,F2F_2021,3,2,2,3,15,14,15,13,1,1,1,1,1,1,1,1,1,0,1,1,1,0,1,1,1,1,1,1,0,1,1,1,1,1
2021190092,F2F_2021,4,5,5,3,15,13,14,15,1,1,1,1,1,1,1,1,1,1,1,1,1,1,1,1,1,0,1,1,1,1,1,1,1,1
2021130093,F2F_2021,5,3,4,4,15,14,14,13,1,1,1,1,1,1,1,1,1,1,1,1,1,1,1,1,1,1,1,1,1,1,1,1,1,1
2021210094,F2F_2021,3,2,2,3,15,12,15,15,1,1,1,1,1,1,1,1,1,1,1,1,1,1,1,1,1,1,1,1,1,1,1,1,1,1
2021250095,F2F_2021,3,2,2,4,15,11,15,14,1,1,1,1,1,1,1,1,1,1,1,1,1,1,1,1,1,1,1,1,1,1,1,1,1,1
2021190096,F2F_2021,5,4,2,2,15,13,14,15,1,1,1,1,1,1,1,1,1,1,1,1,1,1,1,1,1,1,1,1,1,1,1,1,1,1
2021190097,F2F_2021,3,2,1,5,15,13,14,15,1,1,1,1,1,1,1,1,1,1,1,1,1,1,1,1,1,1,1,1,0,1,1,1,1,1
2021070098,F2F_2021,3,2,4,4,15,12,15,13,1,1,1,1,1,1,1,1,1,1,1,1,1,0,1,1,1,0,1,1,0,1,1,1,1,1
2021150099,F2F_2021,4,1,3,3,15,13,13,15,1,1,1,1,1,1,1,1,1,1,1,1,1,1,1,1,1,1,1,1,1,1,1,1,1,1
2021020100,F2F_2021,2,2,2,4,15,14,13,14,1,1,1,1,1,1,1,1,1,1,1,1,1,1,1,1,1,1,1,1,1,1,1,1,1,1
2021010101,F2F_2021,2,4,2,3,15,12,15,14,1,1,1,1,1,1,1,1,1,0,1,1,1,0,1,1,1,1,1,1,0,1,1,1,1,1
2021040102,F2F_2021,2,1,2,2,15,12,12,15,1,0,1,1,0,1,1,1,1,0,0,1,1,0,1,1,1,1,1,1,1,1,1,1,1,1
2021240103,F2F_2021,2,2,2,4,15,14,15,13,1,1,1,1,1,1,1,1,1,1,1,1,1,1,1,1,1,1,1,1,1,1,1,1,1,1
2021240104,F2F_2021,4,3,2,3,15,14,15,13,1,1,1,1,1,1,1,1,1,1,1,1,1,1,1,1,1,1,1,1,1,1,1,1,1,1
2021170105,F2F_2021,5,4,5,4,15,12,15,14,1,1,1,1,1,1,1,1,1,1,0,1,1,1,1,1,0,0,1,1,1,1,1,1,1,1
2021150106,F2F_2021,4,4,2,3,15,13,13,15,1,1,1,1,1,1,1,1,1,1,1,1,1,0,1,1,1,1,1,1,0,1,1,1,1,1
2021170107,F2F_2021,4,3,2,5,15,12,15,14,1,1,1,1,1,1,1,1,1,1,1,1,1,1,1,1,1,1,1,1,1,1,1,1,1,1
2021250108,F2F_2021,0,3,1,4,15,11,15,14,1,1,1,1,1,1,1,1,1,0,1,1,1,1,1,1,1,1,1,1,1,1,1,1,1,1
2021110109,F2F_2021,3,3,2,4,15,12,12,14,1,1,1,1,1,1,1,1,1,1,0,1,1,1,1,1,1,1,1,0,1,1,1,1,1,1
2021010110,F2F_2021,5,4,4,3,15,12,15,14,1,1,1,1,0,1,1,1,1,1,1,1,1,1,1,1,1,1,1,1,1,1,1,1,1,1
2021150111,F2F_2021,4,0,3,3,15,13,13,15,1,1,1,1,1,1,1,1,1,0,1,1,1,1,1,1,1,1,1,1,1,1,1,1,1,1
2021160112,F2F_2021,3,1,3,2,15,15,14,12,1,1,1,1,1,1,1,1,1,1,1,1,1,1,1,1,0,1,1,1,1,1,1,1,1,1
2021120113,F2F_2021,2,3,1,3,15,11,15,14,1,1,1,1,1,1,1,1,1,1,1,1,1,1,1,1,1,1,1,1,1,1,1,1,1,1
2021070114,F2F_2021,3,3,2,2,15,12,15,13,1,1,1,1,1,1,1,1,1,1,1,1,1,1,1,1,1,1,1,1,1,1,1,1,1,1
2021190115,F2F_2021,4,0,1,7999,15,13,14,7999,1,1,1,1,1,1,1,1,1,1,1,1,1,1,1,1,1,1,1,1,1,1,1,1,1,1
2021140116,F2F_2021,3,3,7999,2,15,11,7999,15,1,1,1,1,1,1,1,1,1,1,0,7999,1,7999,1,1,1,0,1,1,0,1,1,1,1,1
2021160117,F2F_2021,3,3,3,2,15,15,14,12,1,1,1,1,1,1,1,1,1,1,1,1,1,1,1,1,1,1,1,1,1,1,1,1,1,1
2021050118,F2F_2021,5,3,3,3,15,15,14,15,1,1,1,1,1,1,1,1,1,1,1,1,1,0,1,1,1,1,1,1,0,1,1,1,1,1
2021070119,F2F_2021,5,2,3,0,15,12,15,13,1,1,1,1,1,1,1,1,1,,1,1,1,1,1,1,1,1,1,1,1,1,1,1,1,1
2021030120,F2F_2021,1,2,3,2,15,12,14,14,1,1,1,1,1,1,1,1,1,1,1,1,1,1,1,1,1,1,1,1,1,1,1,1,1,1
2021140121,F2F_2021,3,2,2,5,15,11,14,15,1,1,1,1,1,1,1,1,1,1,1,1,1,1,1,1,1,1,1,1,1,1,1,1,1,1
2021170122,F2F_2021,5,3,4,4,15,12,15,14,1,1,1,1,1,1,1,1,1,1,1,1,1,1,1,1,1,1,1,1,1,1,1,1,1,1
2021120123,F2F_2021,3,2,3,4,15,11,15,14,1,1,1,1,1,1,1,1,1,1,1,1,1,1,1,1,1,1,1,1,1,1,1,1,1,1
2021180124,F2F_2021,5,2,2,2,15,15,15,15,1,1,1,1,1,1,1,1,1,1,1,1,1,1,1,1,1,1,1,1,1,1,1,1,1,1
2021200125,F2F_2021,2,0,3,4,15,0,15,14,1,1,1,1,1,1,1,0,1,0,1,1,1,1,1,1,1,1,1,1,0,1,1,1,1,1
2021020126,F2F_2021,3,0,2,3,15,14,13,14,1,1,1,1,1,1,1,1,1,1,1,1,1,1,1,1,1,1,1,1,1,1,1,1,1,1
2021060127,F2F_2021,4,4,1,3,15,15,15,13,1,1,1,1,1,1,1,1,1,1,1,1,1,1,1,1,1,1,1,1,1,1,1,1,1,1
2021230128,F2F_2021,3,4,1,2,15,14,13,15,1,1,1,1,1,1,1,1,1,0,1,1,1,1,1,1,1,1,1,1,1,1,1,1,1,1
2021200129,F2F_2021,3,2,0,7999,15,8,0,7999,1,1,1,1,0,1,1,1,1,0,0,1,1,0,1,1,1,1,1,1,0,1,1,1,1,1
2021040130,F2F_2021,3,2,3,7999,15,12,12,15,1,1,1,1,1,1,1,1,1,1,0,1,1,1,1,1,1,1,1,1,1,1,1,1,1,1
2021030131,F2F_2021,2,3,4,4,15,12,14,14,1,1,1,1,1,1,1,1,1,1,1,1,1,1,1,1,1,1,1,1,1,1,1,1,1,1
2021100132,F2F_2021,5,4,5,4,15,12,15,15,1,1,1,1,1,1,1,1,1,1,1,1,1,0,1,1,1,0,1,1,0,1,1,1,1,1
2021120133,F2F_2021,4,5,4,1,15,11,15,14,1,1,1,1,1,1,1,1,1,1,1,1,1,1,1,1,1,1,1,1,1,1,1,1,1,1
2021090134,F2F_2021,3,2,3,5,15,13,15,13,1,1,1,1,1,1,1,1,1,1,1,1,1,1,1,1,1,1,1,1,1,1,1,1,1,1
2021080135,F2F_2021,4,2,1,2,15,14,15,13,1,1,1,1,1,1,1,1,1,1,1,1,1,1,1,1,1,1,1,1,1,1,1,1,1,1
2021230136,F2F_2021,5,4,3,2,15,14,13,15,1,1,1,1,1,1,1,1,1,0,1,1,1,0,1,1,1,1,1,1,0,1,0,1,1,1
2021220137,F2F_2021,3,1,3,3,15,12,15,12,1,1,1,1,1,1,1,1,1,1,1,1,1,1,1,1,1,1,1,1,1,1,1,1,1,1
2021200138,F2F_2021,4,2,3,4,15,8,15,14,1,1,1,1,1,1,1,1,1,1,1,1,1,1,1,1,1,1,1,1,0,1,1,1,1,1
2021100139,F2F_2021,4,3,3,4,15,12,15,15,1,1,1,1,1,1,1,1,1,1,1,1,1,1,1,1,1,1,1,1,0,1,1,1,1,1
2021050140,F2F_2021,3,3,2,3,15,15,14,15,1,1,1,1,0,1,1,1,1,1,1,1,1,1,1,1,1,1,1,1,1,1,1,1,1,1
2021020141,F2F_2021,2,3,3,5,15,14,13,14,1,1,1,1,1,1,1,1,1,1,1,1,1,0,1,1,1,1,1,1,0,1,1,1,1,1
2021060142,F2F_2021,4,2,3,3,15,15,15,13,1,1,1,1,1,1,1,1,1,1,1,1,1,1,1,1,1,1,1,1,1,1,1,1,1,1
2021100143,F2F_2021,1,1,2,3,15,12,15,15,1,1,1,1,1,1,1,1,1,1,1,1,1,1,1,1,1,1,1,1,1,1,1,1,1,1
2021100144,F2F_2021,4,3,5,4,15,12,15,15,1,1,1,1,1,1,1,1,1,1,1,1,1,0,1,1,1,1,1,1,1,1,1,1,1,1
2021020145,F2F_2021,4,2,4,4,15,14,13,14,1,1,1,1,1,1,1,1,1,1,1,1,1,1,1,1,1,1,1,1,1,1,1,1,1,1
2021090146,F2F_2021,4,2,2,3,15,13,15,13,1,1,1,1,1,1,1,1,1,1,1,1,1,1,1,1,1,1,1,1,1,1,1,1,1,1
2021010147,F2F_2021,3,4,3,2,15,12,15,14,1,1,1,1,1,1,1,1,1,1,1,1,1,1,1,1,1,0,1,1,1,1,1,1,1,1
2021230148,F2F_2021,5,2,4,4,15,14,13,15,1,1,1,1,1,1,1,1,1,1,1,1,1,1,1,1,1,0,1,1,1,1,1,1,1,1
2021110149,F2F_2021,5,4,3,3,15,12,12,14,1,1,1,1,1,1,1,1,1,1,1,1,1,1,1,1,1,1,1,0,1,1,1,1,1,1
2021130150,F2F_2021,2,4,1,4,15,14,14,13,1,1,1,1,1,1,1,1,1,1,1,1,1,1,1,1,1,0,1,1,0,1,1,1,1,1
2021010151,F2F_2021,5,2,5,4,15,12,15,14,1,1,1,1,1,1,1,1,1,1,1,1,1,1,1,1,1,1,1,1,1,1,1,1,1,1
2021210152,F2F_2021,3,3,4,4,15,12,15,15,1,1,1,1,1,1,1,1,1,0,1,1,1,1,1,1,1,1,1,1,0,1,1,1,0,1
2021040153,F2F_2021,3,3,3,4,15,12,12,15,1,1,1,1,1,1,1,1,1,1,1,1,1,1,1,1,1,1,1,1,1,1,1,1,1,1
2021170154,F2F_2021,5,4,3,3,15,12,15,14,1,1,1,1,1,1,1,1,1,1,1,1,1,0,1,1,1,1,1,1,1,1,1,1,1,1
2021250155,F2F_2021,4,3,4,2,15,11,15,14,1,1,1,1,1,1,1,1,1,1,1,1,1,1,1,1,0,0,1,1,1,1,1,1,1,1
2021220156,F2F_2021,3,2,4,5,15,12,15,12,1,1,1,1,1,1,1,1,1,1,1,1,1,0,1,1,1,1,1,1,0,1,1,1,1,1
2021030157,F2F_2021,3,1,2,2,15,12,14,14,1,1,1,1,1,1,1,0,1,1,1,1,1,1,1,1,1,1,1,1,,1,1,1,1,1
2021190158,F2F_2021,4,3,3,4,15,13,14,15,1,1,1,1,1,1,1,1,1,1,1,1,1,1,1,1,1,1,1,1,1,1,1,1,1,1
2021030159,F2F_2021,3,2,2,2,15,12,14,14,1,1,1,1,1,1,1,1,1,1,1,1,1,1,1,1,1,1,1,1,1,1,1,1,1,1
2021030160,F2F_2021,5,2,3,4,15,12,14,14,1,1,1,1,1,1,1,1,1,1,1,1,1,1,1,1,1,1,1,1,1,1,1,1,1,1
2021140161,F2F_2021,4,3,4,4,15,11,14,15,1,1,1,1,1,1,1,1,1,0,1,1,1,1,1,1,1,1,1,1,1,1,1,1,1,1
2021040162,F2F_2021,4,3,4,5,15,12,12,15,1,1,1,1,1,1,1,1,1,0,1,1,1,1,1,1,1,1,1,1,1,1,1,1,1,1
2021200163,F2F_2021,3,2,4,3,15,8,15,14,1,1,1,1,1,1,1,1,1,1,1,1,1,1,1,1,1,1,1,1,0,1,1,1,1,1
2021050164,F2F_2021,3,3,4,7999,15,15,14,15,1,1,1,1,1,1,1,1,1,1,1,1,1,1,1,1,0,1,1,1,0,1,1,1,1,1
2021140165,F2F_2021,5,2,1,4,15,11,14,15,1,1,1,1,1,1,1,1,1,1,1,1,1,1,1,1,1,1,0,1,1,0,0,0,0,0
2021240166,F2F_2021,2,1,3,3,15,14,15,13,1,1,1,1,1,1,1,1,1,1,1,1,1,1,1,1,1,1,1,1,1,1,1,1,1,1
2021210167,F2F_2021,5,3,3,3,15,12,15,15,1,1,1,1,1,1,1,1,1,1,1,1,1,0,1,1,1,1,1,1,0,1,1,1,1,1
2021020168,F2F_2021,2,1,2,4,15,14,13,14,1,1,1,1,1,1,1,1,1,1,1,1,1,1,1,1,0,0,1,1,1,1,1,1,1,1
2021120169,F2F_2021,5,1,2,7999,15,11,15,7999,1,1,1,1,1,1,1,1,1,1,1,1,1,1,1,1,1,1,7999,1,7999,1,1,1,1,1
2021230170,F2F_2021,4,4,1,7999,15,14,13,7999,1,1,1,1,1,1,1,1,1,1,1,1,1,1,1,1,1,0,7999,1,7999,1,1,1,1,1
