UID,Section,Group,Sum_Introversion,Sum_Extraversion,TBL1_iRAT,TBL2_iRAT,TBL3_iRAT,TBL4_iRAT,TBL1_tRAT,TBL2_tRAT,TBL3_tRAT,TBL4_tRAT,,,,,,,,,,,,,,,,,,,,,,,,,,
ID,Section,Group,Sum_Introversion,Sum_Extraversion,Module 1: iRAT -- Requires Respondus LockDown Browser (5 points),Module 2: iRAT - Requires Respondus LockDown Browser + Webcam (5 points),Module 3: iRAT - Requires Respondus LockDown Browser + Webcam (5 points),Module 4: iRAT - Requires Respondus LockDown Browser + Webcam (5 points),Module 1: tRAT -- Only one Team Member submits (15 points),Module 2: tRAT -- Only one Team Member submits (15 points),Module 3: tRAT -- Only one Team Member submits (15 points),Module 4: tRAT -- Only one Team Member submits (15 points),Module 1: Step 3 -- Introversion & 7999traversion Survey [Qualtrics] (completion grade),Module 1: Step 4 -- Reflection for Introversion &  7999traversion Survey (completion grade),Module 1: Self-Assessment -- Personal Factors & Learning (completion grade),Module 1: Team-Assessment -- Personal Factors & Learning (completion grade),Module 1: Peer-to-Peer Assessment -- Personal Factors & Learning  (completion grade),Module 2: Step 4 -- Identifying the Function of the Emotion (completion grade),Module 2: Step 5 -- How Big is my Problem? (completion grade),Module 2: Self-Assessment -- Stress & Time Management (completion grade),Module 2: Team-Assessment -- Stress & Time Management (completion grade),Module 2: Peer-to-Peer Assessment -- Stress & Time Management (completion grade),Module 3: Step 5 -- Self-reflect on your Study Skills and Strategies (completion grade),Module 3: Self-Assessment -- Study & Test Taking Skills (completion grade),Module 3: Team Assessment -- Study & Test Taking Skills (completion grade),Module 3: Peer-to-Peer Assessment -- Study & Test Taking Skills (completion grade),Module 4: Step 4 -- Acknowledgement of Disclosure Statement for EQ-I (completion grade),Module 4: Step 5 -- EQ-i Assessment (completion grade),Module 4: Step 6 -- Reflection for EQ-i Summary Report (completion grade),Module 4: Step 7 -- Improving Resilience through the 3 Stress Management Skills (completion grade),Module 4: Self-Assessment -- EQ-i Debrief (completion grade),Module 4: Team Assessment -- EQ-i Debrief (completion grade),Module 4: Peer-to-Peer Assessment -- EQ-i Debrief (completion grade),Module 5: Relaxation and Mindfullness Techniques [Qualtrics] (completion grade),Module 6: Reflection for Prioritizing Sleep (completion grade),Module 7: SMART Goals (completion grade),Module 8: Filling the Gaps (completion grade),Module 9: Physical Activity Goal (completion grade)
10267,F2F_2021,24,24,11,3,2,5,3,15,14,15,13,1,1,1,1,0,1,1,1,1,1,0,1,1,1,1,1,1,1,0,1,1,1,1,1,1,1
23143,F2F_2021,8,20,13,3,2,3,2,15,14,15,13,1,1,1,1,1,1,1,1,1,1,1,1,1,1,1,1,0,1,1,1,1,1,1,1,1,1
23144,F2F_2021,8,9999,9999,4,2,3,4,15,14,15,13,1,1,1,1,1,1,1,1,1,0,1,1,1,1,1,1,1,1,1,1,1,1,1,1,1,1
23145,F2F_2021,5,18,18,4,2,2,3,15,15,14,15,1,1,1,1,1,1,1,1,1,0,1,1,1,1,1,1,1,1,1,1,0,0,0,1,1,1
23146,F2F_2021,21,26,8,4,2,2,5,15,12,15,15,1,1,1,1,1,1,1,1,1,0,0,1,1,0,1,1,1,1,1,1,0,1,1,1,1,1
23147,F2F_2021,9,33,2,5,2,5,2,15,13,15,13,1,1,1,1,1,1,1,1,1,1,1,1,1,1,1,1,1,1,1,1,1,1,1,1,1,1
23148,F2F_2021,11,23,11,4,3,3,4,15,12,12,14,1,1,1,1,1,1,1,1,1,1,1,1,1,1,1,1,1,1,1,0,1,1,1,1,1,1
23149,F2F_2021,14,12,23,4,2,3,3,15,11,14,15,1,1,1,1,1,1,1,1,1,0,1,1,1,1,1,1,1,1,1,1,1,1,1,1,1,1
23150,F2F_2021,8,3,33,4,3,5,3,15,14,15,13,1,1,1,1,1,1,1,1,1,1,1,1,1,1,1,1,1,1,1,1,1,1,1,1,1,1
23151,F2F_2021,22,24,12,2,2,4,3,15,12,15,12,1,1,1,1,1,1,1,1,1,1,1,1,1,0,1,1,1,1,1,1,1,1,1,1,1,1
23152,F2F_2021,13,23,12,1,3,1,3,15,14,14,13,1,1,1,1,1,1,1,1,1,1,1,1,1,1,1,1,1,1,1,1,1,1,1,1,1,1
23153,F2F_2021,20,6,30,5,2,3,3,15,8,15,14,1,1,1,1,1,1,1,1,1,1,1,1,1,1,1,1,1,1,1,1,1,1,1,1,1,1
23154,F2F_2021,1,23,12,5,3,1,3,15,12,15,14,1,1,1,1,1,1,1,1,1,1,1,1,1,1,1,1,1,1,1,1,1,1,1,1,1,1
23155,F2F_2021,11,19,17,4,0,3,2,15,12,12,14,1,1,1,1,1,1,1,1,1,1,1,1,1,0,1,1,1,1,1,0,1,1,1,1,1,1
23156,F2F_2021,1,11,24,4,2,0,2,15,12,15,14,1,1,1,1,1,1,1,1,1,1,1,1,1,1,1,1,1,1,1,1,1,1,1,1,1,1
23157,F2F_2021,16,22,11,3,4,5,3,15,15,14,12,1,1,1,1,1,1,1,1,1,1,1,1,1,1,1,1,1,1,1,1,1,1,1,1,1,1
23158,F2F_2021,16,4,32,3,2,3,7999,15,15,14,7999,1,1,1,1,1,1,1,1,1,1,1,1,1,0,1,1,1,0,7999,1,7999,1,1,1,1,1
23159,F2F_2021,22,19,17,3,4,5,3,15,12,15,12,1,1,1,1,1,1,1,1,1,1,1,1,1,1,1,1,1,1,1,1,1,1,1,1,1,1
23160,F2F_2021,24,25,10,3,1,3,3,15,14,15,13,1,0,1,1,1,1,1,1,1,1,1,1,1,1,1,1,1,0,1,1,1,1,1,1,1,1
23161,F2F_2021,25,4,32,3,1,3,2,15,11,15,14,1,1,1,1,1,1,1,1,1,1,1,1,1,1,1,1,1,1,1,1,1,1,1,1,1,1
23162,F2F_2021,8,13,23,4,3,3,4,15,14,15,13,1,1,1,1,1,1,1,1,1,1,1,1,1,1,1,1,1,1,1,1,1,1,1,1,1,1
23163,F2F_2021,20,4,32,4,2,3,4,15,8,15,14,1,1,1,1,1,1,1,1,1,1,1,1,1,1,1,1,1,1,1,1,1,1,1,1,1,1
23164,F2F_2021,20,19,14,5,2,0,4,15,8,15,14,1,1,1,1,1,1,1,1,1,1,1,1,1,1,1,1,1,1,1,1,1,1,1,1,1,1
23165,F2F_2021,5,29,4,4,4,5,3,15,15,14,15,1,1,1,1,1,1,1,1,1,1,1,1,1,1,1,1,1,1,1,1,1,1,1,1,1,1
23166,F2F_2021,6,16,17,5,3,1,4,15,15,15,13,1,1,1,1,1,1,1,1,1,1,1,1,1,1,1,1,1,1,1,1,1,1,1,1,1,1
23167,F2F_2021,25,14,21,4,1,0,3,15,11,15,14,1,1,1,1,1,1,1,1,1,1,0,0,1,0,1,1,1,0,1,1,1,1,1,1,1,1
23168,F2F_2021,9,11,23,4,3,4,2,15,13,15,13,1,1,1,1,1,1,1,1,1,1,1,1,1,1,1,1,1,1,1,1,1,1,1,1,1,1
23169,F2F_2021,12,8,25,5,3,5,2,15,11,15,14,1,1,1,1,1,1,1,1,1,1,1,1,1,1,1,1,1,1,1,1,1,1,1,1,1,1
23170,F2F_2021,7,11,25,3,1,3,0,15,12,15,13,1,1,1,1,0,1,1,1,1,0,0,1,1,0,1,1,0,0,0,1,0,1,1,1,1,1
23171,F2F_2021,11,13,22,4,3,2,2,15,12,12,14,1,1,1,1,1,1,1,1,1,1,1,1,1,1,1,1,1,1,1,0,1,1,1,1,1,1
23173,F2F_2021,3,8,28,3,3,2,4,15,12,14,14,1,1,1,1,1,1,1,1,1,1,1,1,1,1,1,1,1,1,1,1,1,1,1,1,1,1
23174,F2F_2021,19,16,17,4,2,3,4,15,13,14,15,1,1,1,1,1,1,1,1,1,1,1,1,1,1,1,1,1,1,1,1,1,1,1,1,1,1
23175,F2F_2021,21,22,13,3,1,4,3,15,12,15,15,1,1,1,1,1,1,1,1,1,1,1,1,1,1,1,1,1,1,1,1,1,1,1,1,1,1
23177,F2F_2021,13,15,21,3,2,3,4,15,14,14,13,1,1,1,1,0,1,1,1,1,1,1,1,1,0,1,1,1,1,1,1,0,1,1,1,1,0
23178,F2F_2021,22,13,21,3,4,3,0,15,12,15,12,1,1,1,1,0,1,1,1,1,0,1,1,1,0,0,1,1,1,1,1,0,1,1,1,1,1
23179,F2F_2021,18,22,12,3,3,2,5,15,15,15,15,1,1,1,1,1,1,1,1,1,1,1,1,1,1,1,1,1,1,1,1,1,1,1,1,1,1
23180,F2F_2021,23,21,12,4,3,4,3,15,14,13,15,1,1,1,1,0,1,1,1,1,1,1,1,1,1,1,1,1,1,1,1,1,1,1,1,1,1
23182,F2F_2021,7,12,24,3,7999,3,1,15,7999,15,13,1,1,1,1,0,1,0,7999,1,0,1,1,1,1,0,1,1,0,1,1,1,1,1,1,1,1
23184,F2F_2021,16,14,20,3,5,4,3,15,15,14,12,1,1,1,1,1,1,1,1,1,1,1,1,1,1,1,1,1,1,1,1,1,1,1,1,1,1
23185,F2F_2021,1,18,17,3,4,5,4,15,12,15,14,1,1,1,1,1,1,1,1,1,1,1,1,1,1,1,1,1,1,1,1,1,1,1,1,1,1
23186,F2F_2021,4,21,14,4,2,7999,3,15,12,7999,15,1,1,1,1,1,1,1,1,1,1,1,7999,1,7999,1,1,1,1,1,1,0,1,1,1,1,1
23187,F2F_2021,10,13,22,3,3,2,4,15,12,15,15,1,1,1,1,1,1,1,1,1,1,1,1,1,1,1,1,1,1,1,1,1,1,1,1,1,1
23188,F2F_2021,25,21,13,1,1,1,1,15,11,15,14,1,1,1,1,1,1,1,1,1,1,1,1,1,1,1,1,1,1,1,1,1,1,1,1,1,1
23189,F2F_2021,17,24,12,2,2,4,3,15,12,15,14,1,1,1,1,1,1,1,1,1,1,1,1,1,1,1,1,1,0,1,1,1,1,1,1,1,1
23190,F2F_2021,10,19,16,3,3,4,3,15,12,15,15,1,1,1,1,1,1,1,1,1,1,1,1,1,1,1,1,1,1,1,1,1,1,1,1,1,1
23191,F2F_2021,11,15,19,5,2,5,2,15,12,12,14,1,1,1,1,1,1,1,1,1,1,1,1,1,1,1,1,1,1,1,0,1,1,1,1,1,1
23192,F2F_2021,5,22,11,3,1,2,4,15,15,14,15,1,1,1,1,1,1,1,1,1,1,1,1,1,0,1,1,1,1,1,1,0,1,1,1,1,1
23193,F2F_2021,13,24,11,3,3,2,2,15,14,14,13,1,1,1,1,1,1,1,1,1,1,1,1,1,1,1,1,1,1,1,1,1,1,1,1,1,1
23194,F2F_2021,5,28,6,4,2,4,5,15,15,14,15,1,1,1,1,1,1,1,1,1,1,1,1,1,1,1,1,1,1,1,1,1,1,1,1,1,1
23195,F2F_2021,24,19,17,5,2,2,5,15,14,15,13,1,1,1,1,1,1,1,1,1,1,1,1,1,1,1,1,1,1,1,1,1,1,1,1,1,1
23196,F2F_2021,18,7,29,4,4,4,4,15,15,15,15,1,1,1,1,1,1,1,1,1,1,1,1,1,1,1,1,1,1,1,1,1,1,1,1,1,1
23197,F2F_2021,4,8,28,2,3,2,5,15,12,12,15,1,1,1,1,0,1,1,1,1,0,1,1,1,0,1,1,1,0,1,1,0,1,1,1,1,1
23198,F2F_2021,7,15,21,5,5,5,4,15,12,15,13,1,1,1,1,1,1,1,1,1,1,1,1,1,1,1,1,1,1,1,1,0,1,1,1,1,1
23252,F2F_2021,16,25,10,2,4,2,7999,15,15,14,7999,1,1,1,1,1,1,1,1,1,1,0,1,1,1,1,1,1,1,7999,1,7999,1,1,1,1,1
23253,F2F_2021,17,13,21,4,2,3,4,15,12,15,14,1,1,1,1,1,1,1,1,1,1,1,1,1,1,1,1,1,0,1,1,1,1,1,1,1,1
23254,F2F_2021,24,23,13,5,5,4,4,15,14,15,13,1,1,1,1,1,1,1,1,1,1,1,1,1,1,1,1,1,1,1,1,1,1,1,1,1,1
23255,F2F_2021,15,18,15,5,2,4,3,15,13,13,15,1,1,1,1,1,1,1,1,1,1,1,1,1,1,1,1,1,1,1,1,1,1,1,1,1,1
23256,F2F_2021,18,17,19,3,3,3,2,15,15,15,15,1,1,1,1,1,1,1,1,1,1,1,1,1,1,1,1,1,1,1,1,1,1,1,1,1,1
23257,F2F_2021,19,18,16,4,0,2,3,15,13,14,15,1,1,1,1,0,1,1,1,1,0,1,1,1,1,1,1,1,1,1,1,0,1,1,1,1,1
23258,F2F_2021,23,26,9,4,3,3,4,15,14,13,15,1,1,1,1,1,1,1,1,1,1,1,1,1,1,1,1,1,1,1,1,1,1,1,1,1,1
23259,F2F_2021,11,8,26,3,1,3,7999,15,12,12,7999,1,1,1,1,1,1,1,1,1,1,1,1,1,1,1,1,1,0,7999,7999,7999,1,1,1,1,1
23260,F2F_2021,2,19,17,2,4,3,4,15,14,13,14,1,1,1,1,1,1,1,1,1,1,1,1,1,1,1,1,1,1,1,1,1,1,1,1,1,1
23261,F2F_2021,10,16,18,5,2,2,1,15,12,15,15,1,1,1,1,1,1,1,1,1,1,1,1,1,1,1,1,1,1,1,1,1,1,1,1,1,1
23262,F2F_2021,21,28,6,3,3,1,3,15,12,15,15,1,1,1,1,1,1,1,1,1,1,1,1,1,1,1,1,1,1,1,1,1,1,1,1,1,1
23264,F2F_2021,7,15,21,5,3,4,3,15,12,15,13,1,1,1,1,1,1,1,1,1,1,1,1,1,1,1,1,1,1,1,1,1,1,1,1,1,1
23265,F2F_2021,18,11,24,3,3,4,3,15,15,15,15,1,1,1,1,1,1,1,1,1,1,1,1,1,1,1,1,1,1,1,1,1,1,1,1,1,1
23266,F2F_2021,6,20,13,5,3,4,3,15,15,15,13,1,1,1,1,1,1,1,1,1,1,1,1,1,1,1,1,1,1,1,1,1,1,1,1,1,1
23268,F2F_2021,12,7,28,3,2,2,4,15,11,15,14,1,1,1,1,0,1,1,1,1,0,1,1,1,1,1,1,1,1,1,1,1,1,1,1,1,1
23269,F2F_2021,9,21,14,2,3,4,7999,15,13,15,7999,1,1,1,1,1,1,1,1,1,0,1,1,1,0,1,1,1,0,7999,1,7999,1,1,1,1,1
23270,F2F_2021,3,22,13,4,0,4,1,15,12,14,14,1,1,1,1,1,1,1,1,1,1,1,1,1,1,1,1,1,1,1,1,1,1,1,1,1,1
23274,F2F_2021,13,17,16,5,3,3,4,15,14,14,13,1,1,1,1,1,1,1,1,1,1,1,1,1,0,1,1,1,0,1,1,0,1,1,1,1,1
23277,F2F_2021,16,25,9,5,4,3,2,15,15,14,12,1,1,1,1,1,1,1,1,1,1,1,1,1,1,1,1,1,1,1,1,1,1,1,1,1,1
23278,F2F_2021,9999,9999,9999,0,0,0,0,15,0,0,0,,0,,,,0,0,0,0,0,0,0,0,0,0,1,0,0,0,0,0,0,0,0,0,0
23279,F2F_2021,22,23,13,4,3,3,3,15,12,15,12,1,1,1,1,1,1,1,1,1,1,1,1,1,1,1,1,1,1,1,1,1,1,1,1,1,1
23280,F2F_2021,14,22,12,4,3,4,4,15,11,14,15,1,1,1,1,1,1,1,1,1,1,1,1,1,1,1,1,1,1,1,1,1,1,1,1,1,1
23281,F2F_2021,9,22,12,3,5,3,3,15,13,15,13,1,1,1,1,0,0,0,1,1,1,1,1,1,1,1,1,1,0,1,1,1,1,1,1,1,1
23282,F2F_2021,15,8,26,7999,2,2,4,15,13,13,15,1,1,1,1,1,1,1,1,1,1,1,1,1,1,1,1,1,1,1,1,1,1,1,1,1,1
23283,F2F_2021,25,10,26,3,2,4,4,15,11,15,14,1,1,1,1,1,1,1,1,1,1,1,1,1,1,1,1,1,1,1,1,1,1,1,1,1,1
23284,F2F_2021,15,16,19,2,3,3,7999,15,13,13,7999,1,1,7999,7999,7999,1,1,1,1,1,1,1,1,1,1,1,1,1,7999,1,7999,1,1,1,1,1
23285,F2F_2021,4,17,16,4,3,2,1,15,12,12,15,1,1,1,1,1,1,1,1,1,1,1,1,1,0,1,1,1,1,1,1,1,1,1,1,1,1
23287,F2F_2021,15,2,34,5,3,4,5,15,13,13,15,1,1,1,1,1,1,1,1,1,1,1,1,1,1,1,1,1,1,1,1,1,1,1,1,1,1
23288,F2F_2021,12,27,9,5,2,4,4,15,11,15,14,1,1,1,1,1,1,1,1,1,1,1,1,1,1,1,1,1,1,1,1,1,1,1,1,1,1
23289,F2F_2021,17,16,20,3,1,2,4,15,12,15,14,1,1,1,1,1,1,1,1,1,1,1,1,1,1,1,1,1,1,1,1,1,1,1,1,1,1
23290,F2F_2021,18,25,10,2,3,4,4,15,15,15,15,1,1,1,1,1,1,1,1,1,1,1,1,1,1,1,1,1,1,1,1,1,1,1,1,1,1
23291,F2F_2021,6,23,12,5,1,3,3,15,15,15,13,1,1,1,1,1,1,1,1,1,1,1,1,1,1,1,1,1,1,1,1,1,1,1,1,1,1
23292,F2F_2021,22,14,22,3,3,2,3,15,12,15,12,1,1,1,1,1,1,1,1,1,1,1,1,1,1,1,1,1,1,1,1,1,1,1,1,1,1
23294,F2F_2021,6,22,14,4,2,2,4,15,15,15,13,1,1,1,1,1,1,1,1,1,1,1,1,1,1,1,1,1,1,1,1,1,1,1,1,1,1
23295,F2F_2021,6,6,30,5,2,1,3,15,15,15,13,1,1,1,1,1,1,1,1,1,1,1,1,1,1,1,1,1,1,1,1,1,1,1,1,1,1
23296,F2F_2021,23,18,16,5,2,3,4,15,14,13,15,1,1,1,1,1,1,1,1,1,1,1,1,1,1,1,1,1,1,1,1,1,1,1,1,1,1
23297,F2F_2021,9,20,13,4,2,3,3,15,13,15,13,1,1,1,1,0,1,1,1,1,1,1,1,1,1,1,1,1,1,1,1,1,1,1,1,1,1
23298,F2F_2021,8,17,19,3,2,2,3,15,14,15,13,1,1,1,1,1,1,1,1,1,0,1,1,1,0,1,1,1,1,1,1,0,1,1,1,1,1
23301,F2F_2021,19,14,20,4,5,5,3,15,13,14,15,1,1,1,1,1,1,1,1,1,1,1,1,1,1,1,1,1,0,1,1,1,1,1,1,1,1
23302,F2F_2021,13,21,12,5,3,4,4,15,14,14,13,1,1,1,1,1,1,1,1,1,1,1,1,1,1,1,1,1,1,1,1,1,1,1,1,1,1
23303,F2F_2021,21,21,14,3,2,2,3,15,12,15,15,1,1,1,1,1,1,1,1,1,1,1,1,1,1,1,1,1,1,1,1,1,1,1,1,1,1
23304,F2F_2021,25,13,21,3,2,2,4,15,11,15,14,1,1,1,1,1,1,1,1,1,1,1,1,1,1,1,1,1,1,1,1,1,1,1,1,1,1
23305,F2F_2021,19,9,27,5,4,2,2,15,13,14,15,1,1,1,1,1,1,1,1,1,1,1,1,1,1,1,1,1,1,1,1,1,1,1,1,1,1
23308,F2F_2021,19,25,8,3,2,1,5,15,13,14,15,1,1,1,1,1,1,1,1,1,1,1,1,1,1,1,1,1,1,1,1,0,1,1,1,1,1
23309,F2F_2021,7,5,30,3,2,4,4,15,12,15,13,1,1,1,1,1,1,1,1,1,1,1,1,1,0,1,1,1,0,1,1,0,1,1,1,1,1
23310,F2F_2021,15,7,29,4,1,3,3,15,13,13,15,1,1,1,1,1,1,1,1,1,1,1,1,1,1,1,1,1,1,1,1,1,1,1,1,1,1
23311,F2F_2021,2,9,26,2,2,2,4,15,14,13,14,1,1,1,1,1,1,1,1,1,1,1,1,1,1,1,1,1,1,1,1,1,1,1,1,1,1
23312,F2F_2021,1,10,25,2,4,2,3,15,12,15,14,1,1,1,1,1,1,1,1,1,0,1,1,1,0,1,1,1,1,1,1,0,1,1,1,1,1
23336,F2F_2021,4,11,22,2,1,2,2,15,12,12,15,1,0,1,1,0,1,1,1,1,0,0,1,1,0,1,1,1,1,1,1,1,1,1,1,1,1
23337,F2F_2021,24,18,17,2,2,2,4,15,14,15,13,1,1,1,1,1,1,1,1,1,1,1,1,1,1,1,1,1,1,1,1,1,1,1,1,1,1
23338,F2F_2021,24,16,20,4,3,2,3,15,14,15,13,1,1,1,1,1,1,1,1,1,1,1,1,1,1,1,1,1,1,1,1,1,1,1,1,1,1
23339,F2F_2021,17,6,28,5,4,5,4,15,12,15,14,1,1,1,1,1,1,1,1,1,1,0,1,1,1,1,1,0,0,1,1,1,1,1,1,1,1
23340,F2F_2021,15,20,15,4,4,2,3,15,13,13,15,1,1,1,1,1,1,1,1,1,1,1,1,1,0,1,1,1,1,1,1,0,1,1,1,1,1
23342,F2F_2021,17,16,18,4,3,2,5,15,12,15,14,1,1,1,1,1,1,1,1,1,1,1,1,1,1,1,1,1,1,1,1,1,1,1,1,1,1
23343,F2F_2021,25,15,18,0,3,1,4,15,11,15,14,1,1,1,1,1,1,1,1,1,0,1,1,1,1,1,1,1,1,1,1,1,1,1,1,1,1
23344,F2F_2021,11,7,29,3,3,2,4,15,12,12,14,1,1,1,1,1,1,1,1,1,1,0,1,1,1,1,1,1,1,1,0,1,1,1,1,1,1
23345,F2F_2021,1,17,19,5,4,4,3,15,12,15,14,1,1,1,1,0,1,1,1,1,1,1,1,1,1,1,1,1,1,1,1,1,1,1,1,1,1
23346,F2F_2021,15,15,21,4,0,3,3,15,13,13,15,1,1,1,1,1,1,1,1,1,0,1,1,1,1,1,1,1,1,1,1,1,1,1,1,1,1
23347,F2F_2021,16,17,17,3,1,3,2,15,15,14,12,1,1,1,1,1,1,1,1,1,1,1,1,1,1,1,1,0,1,1,1,1,1,1,1,1,1
23348,F2F_2021,12,20,14,2,3,1,3,15,11,15,14,1,1,1,1,1,1,1,1,1,1,1,1,1,1,1,1,1,1,1,1,1,1,1,1,1,1
23349,F2F_2021,7,22,12,3,3,2,2,15,12,15,13,1,1,1,1,1,1,1,1,1,1,1,1,1,1,1,1,1,1,1,1,1,1,1,1,1,1
23350,F2F_2021,19,8,28,4,0,1,7999,15,13,14,7999,1,1,1,1,1,1,1,1,1,1,1,1,1,1,1,1,1,1,1,1,1,1,1,1,1,1
23351,F2F_2021,14,24,9,3,3,7999,2,15,11,7999,15,1,1,1,1,1,1,1,1,1,1,0,7999,1,7999,1,1,1,0,1,1,0,1,1,1,1,1
23352,F2F_2021,16,16,19,3,3,3,2,15,15,14,12,1,1,1,1,1,1,1,1,1,1,1,1,1,1,1,1,1,1,1,1,1,1,1,1,1,1
23353,F2F_2021,5,10,25,5,3,3,3,15,15,14,15,1,1,1,1,1,1,1,1,1,1,1,1,1,0,1,1,1,1,1,1,0,1,1,1,1,1
23362,F2F_2021,7,19,14,5,2,3,0,15,12,15,13,1,1,1,1,1,1,1,1,1,,1,1,1,1,1,1,1,1,1,1,1,1,1,1,1,1
23363,F2F_2021,3,5,31,1,2,3,2,15,12,14,14,1,1,1,1,1,1,1,1,1,1,1,1,1,1,1,1,1,1,1,1,1,1,1,1,1,1
23364,F2F_2021,14,17,19,3,2,2,5,15,11,14,15,1,1,1,1,1,1,1,1,1,1,1,1,1,1,1,1,1,1,1,1,1,1,1,1,1,1
23365,F2F_2021,17,18,17,5,3,4,4,15,12,15,14,1,1,1,1,1,1,1,1,1,1,1,1,1,1,1,1,1,1,1,1,1,1,1,1,1,1
23366,F2F_2021,12,11,25,3,2,3,4,15,11,15,14,1,1,1,1,1,1,1,1,1,1,1,1,1,1,1,1,1,1,1,1,1,1,1,1,1,1
23367,F2F_2021,18,13,20,5,2,2,2,15,15,15,15,1,1,1,1,1,1,1,1,1,1,1,1,1,1,1,1,1,1,1,1,1,1,1,1,1,1
23368,F2F_2021,20,9,27,2,0,3,4,15,0,15,14,1,1,1,1,1,1,1,0,1,0,1,1,1,1,1,1,1,1,1,1,0,1,1,1,1,1
23369,F2F_2021,2,19,16,3,0,2,3,15,14,13,14,1,1,1,1,1,1,1,1,1,1,1,1,1,1,1,1,1,1,1,1,1,1,1,1,1,1
23370,F2F_2021,6,24,9,4,4,1,3,15,15,15,13,1,1,1,1,1,1,1,1,1,1,1,1,1,1,1,1,1,1,1,1,1,1,1,1,1,1
23371,F2F_2021,23,24,10,3,4,1,2,15,14,13,15,1,1,1,1,1,1,1,1,1,0,1,1,1,1,1,1,1,1,1,1,1,1,1,1,1,1
23372,F2F_2021,20,7,29,3,2,0,7999,15,8,0,7999,1,1,1,1,0,1,1,1,1,0,0,1,1,0,1,1,1,1,1,1,0,1,1,1,1,1
23373,F2F_2021,4,10,26,3,2,3,7999,15,12,12,15,1,1,1,1,1,1,1,1,1,1,0,1,1,1,1,1,1,1,1,1,1,1,1,1,1,1
23374,F2F_2021,3,19,16,2,3,4,4,15,12,14,14,1,1,1,1,1,1,1,1,1,1,1,1,1,1,1,1,1,1,1,1,1,1,1,1,1,1
23375,F2F_2021,10,9,27,5,4,5,4,15,12,15,15,1,1,1,1,1,1,1,1,1,1,1,1,1,0,1,1,1,0,1,1,0,1,1,1,1,1
23376,F2F_2021,12,16,19,4,5,4,1,15,11,15,14,1,1,1,1,1,1,1,1,1,1,1,1,1,1,1,1,1,1,1,1,1,1,1,1,1,1
23377,F2F_2021,9,21,15,3,2,3,5,15,13,15,13,1,1,1,1,1,1,1,1,1,1,1,1,1,1,1,1,1,1,1,1,1,1,1,1,1,1
23379,F2F_2021,8,9,27,4,2,1,2,15,14,15,13,1,1,1,1,1,1,1,1,1,1,1,1,1,1,1,1,1,1,1,1,1,1,1,1,1,1
23380,F2F_2021,23,19,14,5,4,3,2,15,14,13,15,1,1,1,1,1,1,1,1,1,0,1,1,1,0,1,1,1,1,1,1,0,1,0,1,1,1
23381,F2F_2021,22,22,12,3,1,3,3,15,12,15,12,1,1,1,1,1,1,1,1,1,1,1,1,1,1,1,1,1,1,1,1,1,1,1,1,1,1
23382,F2F_2021,20,19,15,4,2,3,4,15,8,15,14,1,1,1,1,1,1,1,1,1,1,1,1,1,1,1,1,1,1,1,1,0,1,1,1,1,1
23383,F2F_2021,10,22,12,4,3,3,4,15,12,15,15,1,1,1,1,1,1,1,1,1,1,1,1,1,1,1,1,1,1,1,1,0,1,1,1,1,1
23384,F2F_2021,5,27,7,3,3,2,3,15,15,14,15,1,1,1,1,0,1,1,1,1,1,1,1,1,1,1,1,1,1,1,1,1,1,1,1,1,1
23385,F2F_2021,2,13,23,2,3,3,5,15,14,13,14,1,1,1,1,1,1,1,1,1,1,1,1,1,0,1,1,1,1,1,1,0,1,1,1,1,1
23386,F2F_2021,6,17,17,4,2,3,3,15,15,15,13,1,1,1,1,1,1,1,1,1,1,1,1,1,1,1,1,1,1,1,1,1,1,1,1,1,1
23387,F2F_2021,10,25,9,1,1,2,3,15,12,15,15,1,1,1,1,1,1,1,1,1,1,1,1,1,1,1,1,1,1,1,1,1,1,1,1,1,1
23388,F2F_2021,10,16,19,4,3,5,4,15,12,15,15,1,1,1,1,1,1,1,1,1,1,1,1,1,0,1,1,1,1,1,1,1,1,1,1,1,1
23389,F2F_2021,2,20,14,4,2,4,4,15,14,13,14,1,1,1,1,1,1,1,1,1,1,1,1,1,1,1,1,1,1,1,1,1,1,1,1,1,1
23390,F2F_2021,9,6,30,4,2,2,3,15,13,15,13,1,1,1,1,1,1,1,1,1,1,1,1,1,1,1,1,1,1,1,1,1,1,1,1,1,1
23391,F2F_2021,1,20,14,3,4,3,2,15,12,15,14,1,1,1,1,1,1,1,1,1,1,1,1,1,1,1,1,1,0,1,1,1,1,1,1,1,1
23392,F2F_2021,23,6,30,5,2,4,4,15,14,13,15,1,1,1,1,1,1,1,1,1,1,1,1,1,1,1,1,1,0,1,1,1,1,1,1,1,1
23393,F2F_2021,11,20,13,5,4,3,3,15,12,12,14,1,1,1,1,1,1,1,1,1,1,1,1,1,1,1,1,1,1,1,0,1,1,1,1,1,1
23394,F2F_2021,13,19,16,2,4,1,4,15,14,14,13,1,1,1,1,1,1,1,1,1,1,1,1,1,1,1,1,1,0,1,1,0,1,1,1,1,1
23395,F2F_2021,1,11,24,5,2,5,4,15,12,15,14,1,1,1,1,1,1,1,1,1,1,1,1,1,1,1,1,1,1,1,1,1,1,1,1,1,1
23396,F2F_2021,21,13,22,3,3,4,4,15,12,15,15,1,1,1,1,1,1,1,1,1,0,1,1,1,1,1,1,1,1,1,1,0,1,1,1,0,1
23397,F2F_2021,4,8,26,3,3,3,4,15,12,12,15,1,1,1,1,1,1,1,1,1,1,1,1,1,1,1,1,1,1,1,1,1,1,1,1,1,1
23398,F2F_2021,17,26,8,5,4,3,3,15,12,15,14,1,1,1,1,1,1,1,1,1,1,1,1,1,0,1,1,1,1,1,1,1,1,1,1,1,1
23399,F2F_2021,25,9,27,4,3,4,2,15,11,15,14,1,1,1,1,1,1,1,1,1,1,1,1,1,1,1,1,0,0,1,1,1,1,1,1,1,1
23400,F2F_2021,22,14,21,3,2,4,5,15,12,15,12,1,1,1,1,1,1,1,1,1,1,1,1,1,0,1,1,1,1,1,1,0,1,1,1,1,1
23401,F2F_2021,3,10,26,3,1,2,2,15,12,14,14,1,1,1,1,1,1,1,0,1,1,1,1,1,1,1,1,1,1,1,1,,1,1,1,1,1
23402,F2F_2021,19,21,13,4,3,3,4,15,13,14,15,1,1,1,1,1,1,1,1,1,1,1,1,1,1,1,1,1,1,1,1,1,1,1,1,1,1
23403,F2F_2021,3,21,15,3,2,2,2,15,12,14,14,1,1,1,1,1,1,1,1,1,1,1,1,1,1,1,1,1,1,1,1,1,1,1,1,1,1
23404,F2F_2021,3,9,27,5,2,3,4,15,12,14,14,1,1,1,1,1,1,1,1,1,1,1,1,1,1,1,1,1,1,1,1,1,1,1,1,1,1
23411,F2F_2021,14,26,7,4,3,4,4,15,11,14,15,1,1,1,1,1,1,1,1,1,0,1,1,1,1,1,1,1,1,1,1,1,1,1,1,1,1
23413,F2F_2021,4,22,11,4,3,4,5,15,12,12,15,1,1,1,1,1,1,1,1,1,0,1,1,1,1,1,1,1,1,1,1,1,1,1,1,1,1
23415,F2F_2021,20,23,13,3,2,4,3,15,8,15,14,1,1,1,1,1,1,1,1,1,1,1,1,1,1,1,1,1,1,1,1,0,1,1,1,1,1
23416,F2F_2021,5,19,14,3,3,4,7999,15,15,14,15,1,1,1,1,1,1,1,1,1,1,1,1,1,1,1,1,0,1,1,1,0,1,1,1,1,1
23418,F2F_2021,14,23,13,5,2,1,4,15,11,14,15,1,1,1,1,1,1,1,1,1,1,1,1,1,1,1,1,1,1,0,1,1,0,0,0,0,0
23445,F2F_2021,24,11,24,2,1,3,3,15,14,15,13,1,1,1,1,1,1,1,1,1,1,1,1,1,1,1,1,1,1,1,1,1,1,1,1,1,1
23622,F2F_2021,21,21,14,5,3,3,3,15,12,15,15,1,1,1,1,1,1,1,1,1,1,1,1,1,0,1,1,1,1,1,1,0,1,1,1,1,1
23702,F2F_2021,2,18,17,2,1,2,4,15,14,13,14,1,1,1,1,1,1,1,1,1,1,1,1,1,1,1,1,0,0,1,1,1,1,1,1,1,1
23711,F2F_2021,12,23,12,5,1,2,7999,15,11,15,7999,1,1,1,1,1,1,1,1,1,1,1,1,1,1,1,1,1,1,7999,1,7999,1,1,1,1,1
23728,F2F_2021,23,15,21,4,4,1,7999,15,14,13,7999,1,1,1,1,1,1,1,1,1,1,1,1,1,1,1,1,1,0,7999,1,7999,1,1,1,1,1
19397,F2F_2020,12,23,11,2,1,3,2,15,15,13,15,1,1,1,1,1,0,7999,1,1,1,1,1,1,1,1,1,1,1,1,1,1,1,1,1,1,1
20919,F2F_2020,5,24,12,5,4,4,3,15,14,14,15,1,1,1,1,1,1,7999,1,1,1,1,1,1,1,1,1,1,1,1,1,1,1,1,1,1,1
20920,F2F_2020,18,11,22,4,4,4,5,15,15,15,15,1,1,1,1,1,1,7999,1,1,1,1,1,1,1,1,1,1,1,1,1,1,1,1,1,1,1
20921,F2F_2020,4,25,9,5,2,3,2,15,10,15,15,1,1,1,1,1,1,7999,1,1,1,1,1,1,1,1,1,1,1,1,1,1,1,0,1,1,1
20922,F2F_2020,5,29,7,4,4,0,4,15,14,14,15,1,1,1,1,1,1,7999,1,1,1,1,1,1,1,1,1,1,1,1,1,1,1,1,1,1,1
20925,F2F_2020,19,24,11,3,2,2,3,15,14,14,15,1,1,1,1,1,1,7999,1,1,1,1,1,1,1,1,1,1,1,1,1,1,1,1,1,1,1
20926,F2F_2020,11,29,7,3,3,0,5,12,15,14,15,1,1,1,1,1,1,7999,1,1,1,1,1,1,1,1,1,1,1,1,1,1,1,1,1,1,1
20927,F2F_2020,19,18,17,3,5,3,4,15,14,14,15,1,1,1,1,1,1,7999,1,1,1,0,1,1,1,1,1,1,1,1,1,1,1,1,1,1,1
20928,F2F_2020,25,26,8,2,3,3,5,15,15,14,14,1,1,1,1,1,1,7999,1,1,1,1,1,1,1,1,1,1,1,1,1,1,1,1,1,1,1
20929,F2F_2020,4,27,7,4,0,1,5,15,10,15,15,1,1,1,1,1,1,7999,1,1,1,1,1,1,1,1,1,1,1,1,1,1,1,1,1,1,1
20930,F2F_2020,15,26,9,3,1,2,3,15,15,15,15,1,1,1,1,1,1,7999,1,1,1,1,1,1,1,1,1,1,1,1,1,1,1,1,1,1,1
20931,F2F_2020,21,5,31,3,4,2,1,15,15,15,15,1,1,1,1,0,1,7999,1,1,1,1,1,1,1,1,1,1,1,1,1,1,1,1,1,1,1
20932,F2F_2020,8,16,19,4,2,1,3,15,15,12,14,1,1,1,1,1,1,7999,1,1,1,1,1,1,1,1,1,1,1,1,1,1,1,1,1,1,1
20933,F2F_2020,6,17,18,3,4,2,3,15,15,10,15,1,1,1,1,0,1,7999,1,1,1,1,1,1,1,1,1,1,1,1,1,1,1,1,1,1,1
20934,F2F_2020,20,21,15,5,3,2,4,15,15,15,15,1,1,1,1,1,1,7999,1,1,1,1,1,1,1,1,1,1,1,1,1,1,1,1,1,1,1
20936,F2F_2020,2,18,16,2,3,3,3,15,10,14,14,1,1,1,1,1,1,7999,1,1,1,1,1,1,1,1,1,1,1,1,1,1,1,1,1,1,1
20937,F2F_2020,18,19,15,4,1,3,3,15,15,15,15,1,0.5,1,1,1,1,7999,1,1,1,1,1,1,1,1,1,1,1,1,1,1,1,1,1,1,1
20938,F2F_2020,9,12,23,4,4,5,5,15,15,15,15,1,1,1,1,1,1,7999,1,1,1,1,1,1,1,1,1,1,1,1,1,1,1,1,1,1,1
20939,F2F_2020,19,22,13,5,3,4,3,15,14,14,15,1,1,1,1,1,1,7999,1,1,1,1,1,1,1,1,1,1,1,1,1,1,1,1,1,1,1
20940,F2F_2020,5,20,13,4,0,3,3,15,14,14,15,1,1,1,1,1,1,7999,1,1,1,1,1,1,1,1,1,1,1,1,1,1,1,1,1,1,1
20941,F2F_2020,20,14,19,2,1,2,3,15,15,15,15,1,1,1,1,1,1,7999,1,1,1,1,1,1,1,1,1,1,1,1,1,1,1,0,0,1,1
20942,F2F_2020,3,10,26,3,2,3,4,15,15,15,15,1,1,1,1,1,1,7999,1,1,1,1,1,1,1,1,1,1,1,1,1,1,1,1,1,1,1
20945,F2F_2020,23,25,11,3,2,4,1,15,14,15,15,1,1,1,1,1,1,7999,1,1,1,1,1,1,1,1,1,1,1,1,1,1,1,1,1,1,1
20946,F2F_2020,22,20,14,4,2,2,3,15,15,15,15,1,1,1,1,0,1,7999,1,1,1,1,1,1,1,1,1,1,1,1,1,1,1,1,1,1,1
20947,F2F_2020,16,20,15,4,4,4,5,15,13,16,15,1,1,1,1,1,1,7999,1,1,1,1,1,1,1,1,1,1,1,1,1,1,1,1,1,1,1
20948,F2F_2020,22,6,28,4,2,2,5,15,15,15,15,1,1,1,1,1,1,7999,1,1,1,1,1,1,1,1,1,1,1,1,1,1,1,1,1,1,1
20949,F2F_2020,12,23,11,2,2,2,2,15,15,13,15,1,1,1,1,1,1,7999,1,1,1,1,1,1,1,1,1,1,1,1,1,1,1,1,1,1,1
20950,F2F_2020,25,18,16,3,5,3,4,15,15,14,14,1,1,1,1,1,1,7999,1,1,1,1,1,1,1,1,1,1,1,1,1,1,1,1,1,1,1
20951,F2F_2020,3,20,15,5,4,1,3,15,15,15,15,1,1,1,1,1,1,7999,1,1,1,1,1,1,1,1,1,1,1,1,1,1,1,1,1,1,1
20952,F2F_2020,10,8,26,4,4,3,5,15,15,15,15,1,1,1,1,1,1,7999,1,1,1,1,1,1,1,1,1,1,1,1,1,1,1,1,1,1,1
20953,F2F_2020,22,11,24,5,4,4,4,15,15,15,15,1,1,1,1,0,1,7999,1,1,1,1,1,1,1,1,1,1,1,1,1,1,1,1,1,1,1
20954,F2F_2020,8,30,6,1,1,1,1,15,15,12,14,1,0.5,1,1,1,1,7999,1,1,1,1,1,1,1,1,1,1,1,1,1,1,1,1,1,1,1
20955,F2F_2020,19,14,19,2,2,2,1,15,14,14,15,1,1,1,1,1,1,7999,1,1,1,1,1,1,1,1,1,1,1,1,1,1,1,0,1,1,1
20956,F2F_2020,11,25,11,5,2,1,3,12,15,14,15,1,1,1,1,1,1,7999,1,1,1,1,1,1,1,1,1,1,1,1,1,1,1,1,1,1,1
20957,F2F_2020,11,20,16,4,3,2,3,12,15,14,15,1,1,1,1,1,1,7999,1,1,1,1,1,1,1,1,1,1,1,1,1,1,1,1,1,1,1
20958,F2F_2020,18,18,18,3,3,3,2,15,15,15,15,1,1,1,1,1,1,7999,1,1,1,1,1,1,1,1,1,1,1,1,1,1,1,1,1,1,1
20959,F2F_2020,13,7,29,3,1,3,4,15,13,15,15,1,1,1,1,1,1,7999,1,1,1,1,1,1,1,1,1,1,1,1,1,1,1,1,1,1,1
20960,F2F_2020,16,16,19,5,2,2,2,15,13,16,15,1,1,1,1,1,1,7999,1,1,1,1,1,1,1,1,1,1,1,1,1,1,1,1,1,1,1
20961,F2F_2020,10,17,16,2,3,3,3,15,15,15,15,1,1,1,1,1,1,7999,1,1,1,1,1,1,1,1,1,1,1,1,1,1,1,1,1,1,1
20962,F2F_2020,9,19,15,3,1,5,5,15,15,15,15,1,1,1,1,1,1,7999,1,1,1,0,1,1,1,1,1,1,1,1,1,1,1,1,1,1,1
20963,F2F_2020,2,12,22,3,3,3,4,15,10,14,14,1,1,1,1,1,1,7999,1,1,1,1,1,1,1,1,1,1,1,1,1,1,1,0,1,1,1
20964,F2F_2020,21,16,18,2,4,2,3,15,15,15,15,1,1,1,1,1,1,7999,1,1,1,1,1,1,1,1,1,1,1,1,1,1,1,1,1,1,1
20965,F2F_2020,20,24,12,4,2,2,2,15,15,15,15,1,1,1,1,1,1,7999,1,1,1,1,1,1,1,1,1,1,1,1,1,1,1,1,1,1,1
20966,F2F_2020,5,22,13,5,3,4,1,15,14,14,15,1,1,1,1,0,1,7999,1,1,1,0,1,1,1,1,1,1,1,1,1,1,1,1,1,1,1
20967,F2F_2020,13,18,17,3,3,1,3,15,13,15,15,1,1,1,1,1,1,7999,1,1,1,1,1,1,1,1,1,1,1,1,1,1,1,1,1,0,1
20968,F2F_2020,6,29,7,2,1,2,4,15,15,10,15,1,1,1,1,0,1,7999,1,1,1,1,1,1,1,1,1,1,1,1,1,1,1,1,1,1,1
20969,F2F_2020,24,17,18,5,3,2,2,15,14,15,14,1,1,1,1,1,1,7999,1,1,1,1,1,1,1,1,1,1,1,1,1,1,1,1,1,1,1
20970,F2F_2020,15,21,15,5,0,2,5,15,15,15,15,1,1,1,1,1,1,7999,1,1,1,1,1,1,1,1,1,1,1,1,1,1,1,1,1,1,1
21044,F2F_2020,5,27,9,5,2,4,4,15,14,14,15,1,1,1,1,1,1,7999,1,1,1,1,1,1,1,1,1,1,1,1,1,1,1,1,1,1,1
21045,F2F_2020,10,25,11,4,3,4,3,15,15,15,15,1,1,1,1,1,1,7999,1,1,1,1,1,1,1,1,1,1,1,1,1,1,1,1,1,1,1
21046,F2F_2020,14,18,16,4,2,3,2,15,14,14,15,1,1,1,1,1,1,7999,1,1,1,1,1,1,1,1,1,0,1,1,1,1,1,0,0,0,0
21047,F2F_2020,23,25,11,4,4,5,4,15,14,15,15,1,1,1,1,1,1,7999,1,1,1,1,1,1,1,1,1,1,1,1,1,1,1,1,1,1,1
21049,F2F_2020,24,21,15,2,4,4,4,15,14,15,14,1,1,1,1,0,1,7999,1,1,1,1,1,1,1,1,1,1,1,1,1,1,1,1,1,1,1
21050,F2F_2020,13,12,24,4,2,0,2,15,13,15,15,1,1,1,1,1,1,7999,1,1,1,1,1,1,1,1,1,1,1,1,1,1,1,1,1,1,1
21051,F2F_2020,22,5,29,3,1,3,2,15,15,15,15,1,1,1,1,0,1,7999,1,1,1,1,1,1,1,1,1,0,1,1,1,1,1,1,1,1,1
21052,F2F_2020,6,10,24,3,5,2,2,15,15,10,15,1,1,1,1,0,1,7999,1,1,1,1,1,1,1,1,1,1,1,1,1,1,1,1,1,1,1
21053,F2F_2020,3,20,15,3,3,4,4,15,15,15,15,1,1,1,1,1,1,7999,1,1,1,1,1,1,1,1,1,1,1,1,1,1,1,1,1,1,1
21054,F2F_2020,16,10,25,3,2,3,3,15,13,16,15,1,1,1,1,1,1,7999,1,1,1,1,1,1,1,1,1,1,1,1,1,1,1,0,1,1,1
21055,F2F_2020,22,17,16,3,2,3,4,15,15,15,15,1,1,1,1,1,1,7999,1,1,1,1,1,1,1,1,1,1,1,1,1,1,1,1,1,1,1
21057,F2F_2020,2,20,15,4,4,4,5,15,10,14,14,1,1,1,1,1,1,7999,1,1,1,1,1,1,1,1,1,1,1,1,1,1,1,1,1,1,1
21058,F2F_2020,9,20,16,2,4,3,3,15,15,15,15,1,1,1,1,1,1,7999,1,1,1,0,1,1,1,1,1,1,1,1,1,1,1,1,1,1,1
21059,F2F_2020,3,13,21,4,1,4,3,15,15,15,15,1,1,1,1,1,1,7999,1,1,1,1,1,1,1,1,1,1,1,1,1,1,1,1,1,1,1
21061,F2F_2020,1,25,11,5,3,3,5,15,14,15,15,1,1,1,1,1,1,7999,1,1,1,1,1,1,1,1,1,1,1,1,1,1,1,1,1,1,1
21062,F2F_2020,25,26,10,3,3,4,3,15,15,14,14,1,1,1,1,1,1,7999,1,1,1,1,1,1,1,1,1,1,1,1,1,1,1,1,1,1,1
21063,F2F_2020,8,12,24,4,3,4,3,15,15,12,14,1,1,1,1,1,1,7999,1,1,1,1,1,1,1,1,1,1,1,1,1,1,1,1,1,1,1
21064,F2F_2020,22,16,18,4,4,3,2,15,15,15,15,1,1,1,1,0,1,7999,1,1,1,1,1,1,1,1,1,1,1,1,1,1,1,1,1,1,1
21065,F2F_2020,10,19,15,3,5,2,3,15,15,15,15,1,1,1,1,1,1,7999,1,1,1,1,1,1,1,1,1,1,1,1,1,1,1,1,1,1,1
21066,F2F_2020,23,16,19,3,1,3,3,15,14,15,15,1,1,1,1,0,1,7999,1,1,1,1,1,1,1,1,1,0,1,1,1,1,1,1,1,1,1
21068,F2F_2020,16,30,6,3,3,3,4,15,13,16,15,1,1,1,1,1,1,7999,1,1,1,1,1,1,1,1,1,1,1,1,1,1,1,1,1,1,1
21069,F2F_2020,22,23,12,3,3,3,5,15,15,15,15,1,1,1,1,1,1,7999,1,1,1,1,1,1,1,1,1,1,1,1,1,1,1,1,1,1,1
21070,F2F_2020,2,8,25,4,2,5,2,15,10,14,14,1,1,1,1,1,1,7999,1,1,1,1,1,1,1,1,1,1,1,1,1,1,1,1,1,1,1
21071,F2F_2020,15,30,6,1,3,2,3,15,15,15,15,1,1,1,1,1,1,7999,1,1,1,1,1,1,1,1,1,1,1,1,1,1,1,1,1,1,1
21072,F2F_2020,15,21,14,5,5,5,3,15,15,15,15,1,1,1,1,1,1,7999,1,1,1,1,1,1,1,1,1,1,1,1,1,1,1,1,1,1,1
21073,F2F_2020,13,16,18,2,4,5,4,15,13,15,15,1,1,1,1,1,1,7999,1,1,1,1,1,1,1,1,1,1,1,1,1,1,1,1,1,1,1
21076,F2F_2020,15,25,10,3,4,4,5,15,15,15,15,1,1,1,1,1,1,7999,1,1,1,1,1,1,1,1,1,1,1,1,1,1,1,1,1,1,1
21077,F2F_2020,14,22,13,3,2,0,5,15,14,14,15,1,1,1,1,1,1,7999,1,1,1,1,1,1,1,1,1,1,1,1,1,1,1,1,1,1,1
21078,F2F_2020,9,21,14,3,4,3,4,15,15,15,15,1,1,1,1,1,1,7999,1,1,1,1,1,1,1,1,1,1,1,1,1,1,1,1,1,1,1
21079,F2F_2020,15,19,14,3,2,2,2,15,15,15,15,1,1,1,1,1,1,7999,1,1,1,1,1,1,1,1,1,1,1,1,1,1,1,1,1,1,1
21080,F2F_2020,4,29,7,4,2,1,0,15,10,15,15,1,1,1,1,0,1,7999,1,1,1,1,1,1,1,1,1,1,1,1,1,1,1,1,1,1,1
21081,F2F_2020,1,11,25,4,2,3,3,15,14,15,15,1,0.5,1,1,1,1,7999,1,1,1,1,1,1,1,1,1,1,1,1,1,1,1,1,1,1,1
21082,F2F_2020,5,23,13,2,3,1,5,15,14,14,15,1,1,1,1,1,1,7999,1,1,1,0,1,1,1,1,1,1,1,1,1,1,1,1,1,1,1
21083,F2F_2020,18,25,10,4,4,5,4,15,15,15,15,1,1,1,1,1,1,7999,1,1,1,1,1,1,1,1,1,1,1,1,1,1,1,1,1,1,0
21084,F2F_2020,9,23,11,2,3,1,4,15,15,15,15,1,1,1,1,1,1,7999,1,1,1,1,1,1,1,1,1,1,1,1,1,1,1,1,0,1,1
21086,F2F_2020,22,21,14,2,4,3,3,15,15,15,15,1,1,1,1,0,1,7999,1,1,1,0,1,1,1,1,1,0,1,1,1,1,1,1,1,1,1
21087,F2F_2020,14,15,21,2,2,1,2,15,14,14,15,1,1,1,1,1,1,7999,1,1,1,1,1,1,1,1,1,1,1,1,1,1,1,1,1,1,1
21088,F2F_2020,24,20,14,5,3,3,4,15,14,15,14,1,1,1,1,0,1,7999,1,1,1,1,1,1,1,1,1,1,1,1,1,1,1,1,1,1,1
21089,F2F_2020,6,17,18,4,3,4,4,15,15,10,15,1,1,1,1,0,1,7999,1,1,1,1,1,1,1,1,1,1,1,1,1,1,1,1,1,0,0
21090,F2F_2020,7,23,13,3,2,5,2,15,15,15,15,1,1,1,1,1,1,7999,1,1,1,1,1,1,1,1,1,0,1,1,1,1,1,0,1,1,1
21091,F2F_2020,1,27,9,2,4,0,4,15,14,15,15,1,1,1,1,1,1,7999,1,1,1,1,1,1,1,1,1,1,1,1,1,1,1,1,1,1,1
21092,F2F_2020,16,26,9,5,3,3,2,15,13,16,15,1,1,1,1,1,1,7999,1,1,1,1,1,1,1,1,1,1,1,1,1,1,1,1,1,1,1
21093,F2F_2020,13,22,13,4,2,1,5,15,13,15,15,1,1,1,1,1,1,7999,1,1,1,1,1,1,1,1,1,1,1,1,1,1,1,1,1,1,1
21095,F2F_2020,17,18,16,3,0,3,5,15,14,15,15,1,1,1,1,1,1,7999,1,1,1,1,1,1,1,1,1,1,1,1,1,1,1,1,1,1,1
21096,F2F_2020,14,17,18,3,3,3,3,15,14,14,15,1,1,1,1,1,1,7999,1,1,1,1,1,1,1,1,1,1,1,1,1,1,1,1,1,1,1
21097,F2F_2020,24,6,28,3,2,5,3,15,14,15,14,1,1,1,1,0,1,7999,1,1,1,1,1,1,1,1,1,1,1,1,1,1,1,1,1,1,1
21098,F2F_2020,18,11,23,3,2,5,3,15,15,15,15,1,1,1,1,1,1,7999,1,1,1,1,1,1,1,1,1,1,1,1,1,1,1,1,1,1,1
21099,F2F_2020,14,27,9,4,1,3,4,15,14,14,15,1,1,1,1,1,0,7999,1,1,1,1,1,1,1,1,1,1,1,1,1,1,1,1,1,1,1
21100,F2F_2020,24,14,21,4,3,3,3,15,14,15,14,1,1,1,1,0,1,7999,1,1,1,1,1,1,1,1,1,1,1,1,1,1,1,1,1,1,1
21102,F2F_2020,8,23,12,5,4,3,3,15,15,12,14,1,1,1,1,1,1,7999,1,1,1,1,1,1,1,1,1,1,1,1,1,1,1,1,1,1,1
21103,F2F_2020,5,16,19,4,3,4,3,15,14,14,15,1,1,1,1,0,1,7999,1,1,1,1,1,1,1,1,1,1,1,1,1,1,1,1,1,1,1
21104,F2F_2020,25,11,23,5,3,4,3,15,15,14,14,1,1,1,1,0,1,7999,1,1,1,1,1,1,1,1,1,1,1,1,1,1,1,1,1,1,1
21105,F2F_2020,11,29,7,4,2,1,3,12,15,14,15,1,1,1,1,1,1,7999,1,1,1,1,1,1,1,1,1,1,1,1,1,1,1,1,1,1,1
21106,F2F_2020,8,10,25,2,2,0,3,15,15,12,14,1,1,1,1,1,1,7999,1,1,1,1,1,1,1,1,1,1,1,1,1,1,1,1,1,1,1
21107,F2F_2020,11,3,30,3,1,2,1,12,15,14,15,1,1,1,1,1,1,7999,1,1,1,1,1,1,1,1,1,1,1,1,1,1,1,1,1,1,1
21108,F2F_2020,24,9,24,5,1,3,4,15,14,15,14,1,1,1,1,1,1,7999,1,1,1,1,1,1,1,1,1,0,1,1,1,1,1,1,1,1,1
21110,F2F_2020,2,18,15,3,3,5,4,15,10,14,14,1,1,1,1,1,1,7999,1,1,1,1,1,1,1,1,1,1,1,1,1,1,1,1,1,1,1
21111,F2F_2020,3,11,23,3,1,4,1,15,15,15,15,1,1,1,1,0,1,7999,1,1,1,1,1,1,1,1,1,1,1,1,1,1,1,1,1,1,1
21112,F2F_2020,12,9,27,1,3,1,2,15,15,13,15,1,1,1,1,1,1,7999,1,1,1,1,1,1,1,1,1,1,1,1,1,1,1,1,1,1,1
21114,F2F_2020,12,6,27,4,2,3,5,15,15,13,15,1,1,1,1,1,1,7999,1,1,1,1,1,1,1,1,1,1,1,1,1,1,1,0,0,0,0
21115,F2F_2020,21,9,24,2,2,3,4,15,15,15,15,1,1,1,1,1,1,7999,1,1,1,1,1,1,1,1,1,1,1,1,1,1,1,1,1,0,0
21116,F2F_2020,16,10,23,4,4,4,3,15,13,16,15,1,1,1,1,1,1,7999,1,1,1,1,1,1,1,1,1,1,1,1,1,1,1,1,1,1,1
21117,F2F_2020,12,19,15,4,1,4,5,15,15,13,15,1,1,1,1,1,1,7999,1,1,1,1,1,1,1,1,1,1,1,1,1,1,1,1,1,1,1
21119,F2F_2020,15,29,7,2,3,2,4,15,15,15,15,1,1,1,1,1,1,7999,1,1,1,1,1,1,1,1,1,1,1,1,1,1,1,1,0,1,1
21120,F2F_2020,16,26,10,5,4,3,3,15,13,16,15,1,1,1,1,1,1,7999,1,1,1,1,1,1,1,1,1,1,1,1,1,1,1,1,1,1,1
21121,F2F_2020,4,20,15,4,4,5,4,15,10,15,15,1,1,1,1,0,1,7999,1,1,1,1,1,1,1,1,1,1,1,1,1,1,1,1,1,1,0
21123,F2F_2020,23,15,18,2,3,4,3,15,14,15,15,1,1,1,1,0,1,7999,1,1,1,1,1,1,1,1,1,1,1,1,1,1,1,1,1,1,1
21124,F2F_2020,13,18,17,2,3,2,5,15,13,15,15,1,1,1,1,1,1,7999,1,1,1,1,1,1,1,1,1,1,1,1,1,1,1,1,1,1,1
21125,F2F_2020,4,14,21,2,3,2,2,15,10,15,15,1,1,1,1,1,1,7999,1,1,1,1,1,1,1,1,1,1,1,1,1,1,1,1,1,1,1
21126,F2F_2020,2,22,13,4,4,3,4,15,10,14,14,1,1,1,1,1,1,7999,1,1,1,1,1,1,1,1,1,1,1,1,1,1,1,1,1,1,1
21127,F2F_2020,10,18,18,5,3,3,1,15,15,15,15,1,1,1,1,1,1,7999,1,1,1,1,1,1,1,1,1,1,1,1,1,1,1,1,1,1,1
21128,F2F_2020,7,24,12,2,5,2,3,15,15,15,15,1,1,1,1,1,1,7999,1,1,1,1,1,1,1,1,1,1,1,1,1,1,1,0,0,1,1
21129,F2F_2020,24,23,12,5,3,3,2,15,14,15,14,1,1,1,1,0,1,7999,1,1,1,1,1,1,1,1,1,1,1,1,1,1,1,1,1,1,1
21132,F2F_2020,10,12,24,3,4,3,2,15,15,15,15,1,1,1,1,1,1,7999,1,1,1,1,1,1,1,1,1,1,1,1,1,1,1,1,1,1,1
21133,F2F_2020,6,24,12,4,2,3,2,15,15,10,15,1,1,1,1,0,1,7999,1,1,1,1,1,1,1,1,1,1,1,1,1,1,1,1,1,1,1
21134,F2F_2020,7,24,9,2,4,5,3,15,15,15,15,1,1,1,1,1,1,7999,1,1,1,1,1,1,1,1,1,1,1,1,1,1,1,1,1,1,1
21135,F2F_2020,16,15,21,3,3,4,3,15,13,16,15,1,1,1,1,1,1,7999,1,1,1,1,1,1,1,1,1,1,1,1,1,1,1,1,1,1,1
21136,F2F_2020,17,12,23,4,3,4,4,15,14,15,15,1,1,1,1,1,1,7999,1,1,1,1,1,1,1,1,1,1,1,1,1,1,1,1,1,1,1
21137,F2F_2020,6,13,20,5,2,2,4,15,15,10,15,1,1,1,1,1,1,7999,1,1,1,1,1,1,1,1,1,1,1,1,1,1,0,1,1,1,1
21139,F2F_2020,5,16,18,4,1,1,4,15,14,14,15,1,1,1,1,0,1,7999,1,1,1,1,1,1,1,1,1,1,1,1,1,1,1,1,1,1,1
21140,F2F_2020,19,31,5,2,1,3,4,15,14,14,15,1,1,1,1,1,1,7999,1,1,1,1,1,1,1,1,1,1,1,1,1,1,1,1,1,1,1
21141,F2F_2020,19,17,19,2,0,3,4,15,14,14,15,1,1,1,1,1,1,7999,1,1,1,1,1,1,1,1,1,1,1,1,1,1,1,1,1,1,1
21142,F2F_2020,20,14,21,5,2,3,2,15,15,15,15,1,1,1,1,1,1,7999,1,1,1,1,1,1,1,1,1,1,1,1,1,1,1,1,1,1,1
21143,F2F_2020,20,27,9,4,4,5,4,15,15,15,15,1,1,1,1,1,1,7999,1,1,1,1,1,1,1,1,1,1,1,1,1,1,1,1,1,1,1
21144,F2F_2020,21,17,18,2,2,3,3,15,15,15,15,1,1,1,1,1,1,7999,1,1,1,1,1,1,1,1,1,1,1,1,1,1,1,1,1,1,1
21145,F2F_2020,4,28,7,4,3,4,3,15,10,15,15,1,1,1,1,1,1,7999,1,1,1,1,1,1,1,1,1,1,1,1,1,1,1,1,1,0,1
21146,F2F_2020,23,23,11,3,4,2,2,15,14,15,15,1,1,1,1,0,0,7999,1,1,1,1,1,1,1,1,1,0,1,1,1,1,1,1,1,1,1
21147,F2F_2020,20,23,13,3,2,2,3,15,15,15,15,1,1,1,1,1,1,7999,1,1,1,1,1,1,1,1,1,1,1,1,1,1,1,1,1,1,1
21148,F2F_2020,2,18,17,4,2,3,1,15,10,14,14,1,1,1,1,1,1,7999,1,1,1,1,1,1,1,1,1,1,1,1,1,1,1,1,0,1,1
21150,F2F_2020,1,16,19,5,4,4,2,15,14,15,15,1,1,1,1,1,1,7999,1,1,1,1,1,1,1,1,1,1,1,1,1,1,1,1,1,1,1
21151,F2F_2020,21,21,14,4,1,4,3,15,15,15,15,1,1,1,1,1,1,7999,1,1,1,1,1,1,1,1,1,1,1,1,1,1,1,1,1,1,1
21152,F2F_2020,16,17,19,3,3,3,4,15,13,16,15,1,1,1,1,1,1,7999,1,1,1,1,1,1,1,1,1,1,1,1,1,1,1,1,1,1,1
21153,F2F_2020,11,18,18,4,4,1,3,12,15,14,15,1,1,1,1,1,1,7999,1,1,1,1,1,1,1,1,1,1,1,1,1,1,1,1,1,1,1
21154,F2F_2020,17,13,21,5,3,0,3,15,14,15,15,1,1,1,1,1,1,7999,1,1,1,1,1,1,1,1,1,1,1,1,1,1,1,1,1,1,1
21155,F2F_2020,19,13,21,2,4,3,4,15,14,14,15,1,1,1,1,1,1,7999,1,1,1,1,1,1,1,1,1,1,1,1,1,1,1,1,1,1,1
21156,F2F_2020,7,5,29,3,5,5,4,15,15,15,15,1,1,1,1,1,1,7999,1,1,1,1,1,1,1,1,1,1,1,1,1,1,1,1,1,1,1
21157,F2F_2020,23,18,17,3,3,5,5,15,14,15,15,1,1,1,1,1,0,7999,1,1,1,1,1,1,1,1,1,1,1,1,1,1,1,1,1,1,1
21158,F2F_2020,8,18,18,3,3,3,1,15,15,12,14,1,1,1,1,1,1,7999,1,1,1,1,1,1,1,1,1,1,1,1,1,1,1,1,1,1,1
21159,F2F_2020,21,7,27,4,3,5,4,15,15,15,15,1,1,1,1,0,1,7999,1,1,1,0,1,1,1,1,1,1,1,1,1,1,1,1,1,1,1
21160,F2F_2020,20,5,29,3,3,3,2,15,15,15,15,1,1,1,1,1,1,7999,1,1,1,0,1,1,1,1,1,1,1,1,1,1,1,0,1,1,1
21161,F2F_2020,25,16,20,3,4,4,3,15,15,14,14,1,1,1,1,1,1,7999,1,1,1,1,1,1,1,1,1,1,1,1,1,1,1,1,1,1,1
21162,F2F_2020,13,20,15,4,1,3,5,15,13,15,15,1,1,1,1,1,0,7999,1,1,1,1,1,1,1,1,1,1,1,1,1,1,1,1,0,1,1
21163,F2F_2020,3,31,5,5,1,3,2,15,15,15,15,1,1,1,1,1,1,7999,1,1,1,1,1,1,1,1,1,1,1,1,1,1,1,1,1,1,1
21164,F2F_2020,19,16,18,5,3,3,5,15,14,14,15,1,1,1,1,1,1,7999,1,1,1,1,1,1,1,1,1,1,1,1,1,1,1,1,1,1,1
21165,F2F_2020,5,23,12,5,4,3,4,15,14,14,15,1,1,1,1,0,1,7999,1,1,1,1,1,1,1,1,1,0,1,1,1,1,1,1,1,1,1
21166,F2F_2020,7,22,13,2,2,4,4,15,15,15,15,1,1,1,1,1,1,7999,1,1,1,1,1,1,1,1,1,1,1,1,1,1,1,1,1,1,1
21167,F2F_2020,4,9,27,2,2,2,1,15,10,15,15,1,1,1,1,0,1,7999,1,1,1,1,1,1,1,1,1,1,1,1,1,1,1,1,1,1,1
21168,F2F_2020,7,8,26,3,2,4,4,15,15,15,15,1,0.5,1,1,1,1,7999,1,1,1,1,1,1,1,1,1,1,1,1,1,1,1,0,1,0,1
21169,F2F_2020,23,9,25,3,3,2,3,15,14,15,15,1,1,1,1,0,1,7999,1,1,1,1,1,1,1,1,1,1,1,1,1,1,1,1,1,1,1
21170,F2F_2020,22,6,29,2,4,4,4,15,15,15,15,1,1,1,1,0,1,7999,1,1,1,1,1,1,1,1,1,1,1,1,1,1,1,1,1,1,0
21171,F2F_2020,17,15,21,3,3,4,3,15,14,15,15,1,1,1,1,1,1,7999,1,1,1,1,1,1,1,1,1,1,1,1,1,1,1,1,1,1,1
21172,F2F_2020,7,22,14,3,4,5,4,15,15,15,15,1,1,1,1,1,1,7999,1,1,1,1,1,1,1,1,1,1,1,1,1,1,1,0,1,1,1
21173,F2F_2020,25,25,11,3,2,3,4,15,15,14,14,1,0.5,1,1,0,1,7999,1,1,1,1,1,1,1,1,1,1,1,1,1,1,1,1,1,1,1
21174,F2F_2020,21,16,20,1,1,4,3,15,15,15,15,1,1,1,1,1,1,7999,1,1,1,1,1,1,1,1,1,1,1,1,1,1,1,1,1,1,1
21175,F2F_2020,18,23,12,4,2,2,5,15,15,15,15,1,1,1,1,1,1,7999,1,1,1,1,1,1,1,1,1,1,1,1,1,1,1,1,1,1,1
21176,F2F_2020,23,24,12,5,2,2,5,15,14,15,15,1,1,1,1,0,1,7999,1,1,1,1,1,1,1,1,1,1,1,1,1,1,1,1,1,1,1
21177,F2F_2020,4,19,16,2,1,1,3,15,10,15,15,1,1,1,1,1,1,7999,1,1,1,0,1,1,1,1,1,1,1,1,1,1,1,1,1,0,0
21178,F2F_2020,24,15,20,3,4,3,4,15,14,15,14,1,1,1,1,1,1,7999,1,1,1,1,1,1,1,1,1,1,1,1,1,1,1,1,1,1,1
21179,F2F_2020,18,15,21,3,2,3,2,15,15,15,15,1,1,1,1,1,1,7999,1,1,1,1,1,1,1,1,1,1,1,1,1,1,1,1,1,1,1
21180,F2F_2020,25,12,24,1,1,2,4,15,15,14,14,1,1,1,1,0,1,7999,1,1,1,1,1,1,1,1,1,1,1,1,1,1,0,1,1,1,1
21181,F2F_2020,18,9,26,4,4,2,4,15,15,15,15,1,1,1,1,1,1,7999,1,1,1,1,1,1,1,1,1,1,1,1,1,1,1,1,1,1,1
21182,F2F_2020,12,24,10,3,4,3,4,15,15,13,15,1,1,1,1,1,1,7999,1,1,1,1,1,1,1,1,1,1,1,1,1,1,1,1,1,1,1
21183,F2F_2020,25,11,24,4,3,2,2,15,15,14,14,1,1,1,1,1,1,7999,1,1,1,1,1,1,1,1,1,1,1,1,1,1,1,1,1,1,1
21184,F2F_2020,10,30,5,3,2,2,1,15,15,15,15,1,1,1,1,1,1,7999,1,1,1,1,1,1,1,1,1,1,1,1,1,1,1,1,1,1,1
21185,F2F_2020,10,15,19,5,4,3,1,15,15,15,15,1,1,1,1,1,1,7999,1,1,1,1,1,1,1,1,1,1,1,1,1,1,1,1,1,1,1
21186,F2F_2020,11,28,8,3,3,3,4,12,15,14,15,1,1,1,1,1,1,7999,1,1,1,1,1,1,1,1,1,1,1,1,1,1,0,0,1,1,1
21187,F2F_2020,21,18,17,5,3,2,3,15,15,15,15,1,1,1,1,1,1,7999,1,1,1,1,1,1,1,1,1,1,1,1,1,1,1,1,1,1,1
21188,F2F_2020,7,13,22,4,3,3,3,15,15,15,15,1,1,1,1,1,1,7999,1,1,1,1,1,1,1,1,1,0,1,1,1,1,1,1,1,1,1
21189,F2F_2020,23,15,20,4,4,2,2,15,14,15,15,1,1,1,1,1,1,7999,1,1,1,1,1,1,1,1,1,1,1,1,1,1,1,1,1,1,1
21190,F2F_2020,17,9,25,2,2,5,2,15,14,15,15,1,1,1,1,1,1,7999,1,1,1,1,1,1,1,1,1,1,1,1,1,1,1,1,1,1,1
21191,F2F_2020,6,20,13,5,2,3,3,15,15,10,15,1,1,1,1,0,1,7999,1,1,1,1,1,1,1,1,1,1,1,1,1,1,1,1,1,1,1
21192,F2F_2020,15,14,22,5,4,4,4,15,15,15,15,1,0.5,1,1,1,1,7999,1,1,1,1,1,1,1,1,1,1,1,1,1,1,1,1,1,1,1
21193,F2F_2020,1,24,12,2,3,5,2,15,14,15,15,1,1,1,1,1,1,7999,1,1,1,1,1,1,1,1,1,1,1,1,1,1,1,1,1,1,1
21194,F2F_2020,3,2,32,5,5,5,5,15,15,15,15,1,1,1,1,1,1,7999,1,1,1,1,1,1,1,1,1,1,1,1,1,1,1,1,0,0,0
21195,F2F_2020,1,19,15,4,3,3,3,15,14,15,15,1,1,1,1,1,1,7999,1,1,1,1,1,1,1,1,1,1,1,1,1,1,1,1,1,1,1
21196,F2F_2020,3,27,8,3,2,3,4,15,15,15,15,1,1,1,1,0,1,7999,1,1,1,0,1,1,1,1,1,0,1,1,1,1,0,1,1,1,1
21197,F2F_2020,23,17,18,2,1,2,4,15,14,15,15,1,1,1,1,0,1,7999,1,1,1,1,1,1,1,1,1,1,1,1,1,1,1,1,1,1,1
21198,F2F_2020,20,8,25,4,4,3,4,15,15,15,15,1,1,1,1,1,1,7999,1,1,1,1,1,1,1,1,1,1,1,1,1,1,1,1,1,1,1
21199,F2F_2020,24,17,17,3,3,2,3,15,14,15,14,1,1,1,1,0,1,7999,1,1,1,1,1,1,1,1,1,1,1,1,1,1,1,1,1,1,1
21200,F2F_2020,14,17,16,3,4,2,4,15,14,14,15,1,1,1,1,1,1,7999,1,1,1,1,1,1,1,1,1,1,1,1,1,1,1,1,1,1,1
21201,F2F_2020,19,19,16,2,4,3,3,15,14,14,15,1,1,1,1,1,1,7999,1,1,1,1,1,1,1,1,1,0,1,1,1,1,1,1,1,1,1
21202,F2F_2020,2,20,15,1,3,3,4,15,10,14,14,1,1,1,1,1,1,7999,1,1,1,1,1,1,1,1,1,1,1,1,1,1,1,1,1,1,1
21203,F2F_2020,11,26,9,4,4,3,4,12,15,14,15,1,0.5,1,1,1,1,7999,1,1,1,1,1,1,1,1,1,1,1,1,1,1,1,1,1,1,1
21204,F2F_2020,21,14,20,4,3,5,3,15,15,15,15,1,1,1,1,0,1,7999,1,1,1,1,1,1,1,1,1,1,1,1,1,1,1,1,1,1,1
21219,F2F_2020,14,9,27,4,3,3,4,15,14,14,15,1,1,1,1,1,1,7999,1,1,1,1,1,1,1,1,1,1,1,1,1,1,1,1,1,1,1
21220,F2F_2020,17,21,14,3,2,4,5,15,14,15,15,1,1,1,1,1,1,7999,1,1,1,1,1,1,1,1,1,1,1,1,1,1,1,1,1,1,1
21221,F2F_2020,3,14,19,5,2,1,2,15,15,15,15,1,1,1,1,1,1,7999,1,1,1,1,1,1,1,1,1,1,1,1,1,1,1,1,1,1,1
21223,F2F_2020,10,18,15,4,3,4,2,15,15,15,15,1,1,1,1,1,1,7999,1,1,1,1,1,1,1,1,1,1,1,1,1,1,1,1,1,1,1
21224,F2F_2020,9,15,18,3,1,5,4,15,15,15,15,1,1,1,1,1,1,7999,1,1,1,1,1,1,1,1,1,1,1,1,1,1,1,1,1,1,1
21225,F2F_2020,15,17,18,3,1,3,2,15,15,15,15,1,1,1,1,1,1,7999,1,1,1,1,1,1,1,1,1,1,1,1,1,1,1,1,1,1,1
21226,F2F_2020,9,15,20,2,3,4,2,15,15,15,15,1,1,1,1,1,1,7999,1,1,1,1,1,1,1,1,1,1,1,1,1,1,1,1,1,1,1
21228,F2F_2020,7,20,16,3,2,4,3,15,15,15,15,1,1,1,1,1,1,7999,1,1,1,0,1,1,1,1,1,1,1,1,1,1,1,1,1,1,1
21229,F2F_2020,14,14,20,2,0,2,3,15,14,14,15,1,1,1,1,1,1,7999,1,1,1,1,1,1,1,1,1,1,1,1,1,1,1,1,1,1,1
21230,F2F_2020,4,12,23,3,3,4,4,15,10,15,15,1,1,1,1,1,1,7999,1,1,1,1,1,1,1,1,1,1,1,1,1,1,1,1,1,1,1
21244,F2F_2020,8,24,10,3,3,2,1,15,15,12,14,1,1,1,1,1,1,7999,1,1,1,0,1,1,1,1,1,1,1,1,1,1,1,1,1,1,1
21246,F2F_2020,9,14,20,5,3,5,3,15,15,15,15,1,1,1,1,1,1,7999,1,1,1,1,1,1,1,1,1,1,1,1,1,1,1,1,1,1,1
21247,F2F_2020,1,16,18,1,4,3,5,15,14,15,15,1,1,1,1,0,1,7999,1,1,1,1,1,1,1,1,1,1,1,1,1,1,1,0,0,0,0
21248,F2F_2020,8,15,19,4,3,2,3,15,15,12,14,1,1,1,1,1,1,7999,1,1,1,1,1,1,1,1,1,1,1,1,1,1,1,1,1,1,1
21250,F2F_2020,9,8,25,3,3,2,4,15,15,15,15,1,1,1,1,1,1,7999,1,1,1,1,1,1,1,1,1,1,1,1,1,1,1,1,1,1,1
21251,F2F_2020,6,21,15,2,3,2,3,15,15,10,15,1,1,1,1,1,1,7999,1,1,1,1,1,1,1,1,1,1,1,1,1,1,1,1,1,1,1
21267,F2F_2020,20,21,13,5,4,2,3,15,15,15,15,1,1,1,1,1,1,7999,1,1,1,1,1,1,1,1,1,1,1,1,1,1,1,1,1,1,1
21281,F2F_2020,8,17,18,3,3,2,5,15,15,12,14,1,1,1,1,1,1,7999,1,1,1,0,1,1,1,1,1,1,1,1,1,1,1,1,1,1,1
21282,F2F_2020,12,19,16,3,4,4,3,15,15,13,15,1,1,1,1,1,1,7999,1,1,1,1,1,1,1,1,1,1,1,1,1,1,1,1,1,1,1
21283,F2F_2020,9999,9999,9999,3,2,2,5,15,13,15,15,1,1,1,1,1,1,7999,1,1,1,1,1,1,1,1,1,1,1,1,1,1,0,1,0,1,1
21284,F2F_2020,6,20,16,3,2,2,3,15,15,10,15,1,1,1,1,0,1,7999,1,1,1,1,1,1,1,1,1,1,1,1,1,1,1,1,1,1,1
21285,F2F_2020,25,10,24,3,1,3,3,15,15,14,14,1,1,1,1,1,1,7999,1,1,1,1,1,1,1,1,1,1,1,1,1,1,1,1,1,1,1
21286,F2F_2020,17,20,16,3,3,2,4,15,14,15,15,1,1,1,1,1,0,7999,1,1,1,1,1,1,1,1,1,1,1,1,1,1,1,1,1,1,1
21288,F2F_2020,2,25,11,4,4,2,3,15,10,14,14,1,1,1,1,1,1,7999,1,1,1,1,1,1,1,1,1,1,1,1,1,1,1,1,1,1,1
21289,F2F_2020,12,21,14,3,3,4,3,15,15,13,15,1,1,1,1,1,1,7999,1,1,1,1,1,1,1,1,1,1,1,1,1,1,1,1,1,1,1
21290,F2F_2020,14,14,19,4,1,4,3,15,14,14,15,1,1,1,1,1,1,7999,1,1,1,1,1,1,1,1,1,1,1,1,1,1,1,1,1,1,1
21291,F2F_2020,17,19,15,2,2,4,1,15,14,15,15,1,1,1,1,1,1,7999,1,1,1,1,1,1,1,1,1,1,1,1,1,1,1,1,1,1,1
21292,F2F_2020,1,27,8,4,2,5,2,15,14,15,15,1,1,1,1,1,1,7999,1,1,1,1,1,1,1,1,1,1,1,1,1,1,1,1,1,1,1
21293,F2F_2020,1,22,13,4,1,3,2,15,14,15,15,1,1,1,1,1,1,7999,1,1,1,1,1,1,1,1,1,0,1,1,1,1,1,1,1,1,1
21308,F2F_2020,18,24,11,3,2,4,4,15,15,15,15,1,1,1,1,1,1,7999,1,1,1,1,1,1,1,1,1,1,1,1,1,1,1,1,1,1,1
15584,F2F_2019,18,18,17,4,2,2,7999,15,14,15,14,1,1,1,1,1,1,7999,1,1,1,1,1,1,1,7999,1,1,7999,9999,1,1,7999,7999,7999,7999,7999
15648,F2F_2019,4,18,17,3,4,0,2,15,14,13,14,1,1,1,1,1,1,7999,1,1,1,1,1,1,1,7999,1,1,7999,1,1,1,7999,7999,7999,7999,7999
16934,F2F_2019,9999,9999,9999,0,0,0,0,0,0,9999,9999,1,9999,9999,1,1,9999,7999,9999,1,1,1,9999,1,1,7999,9999,9999,7999,9999,9999,9999,7999,7999,7999,7999,7999
17079,F2F_2019,24,29,4,3,4,3,3,14,12,15,14,1,1,1,1,1,1,7999,1,1,1,1,1,1,1,7999,1,1,7999,1,1,1,7999,7999,7999,7999,7999
18827,F2F_2019,25,21,15,4,3,4,3,14,13,13,15,1,1,1,1,1,1,7999,1,1,1,1,1,1,1,7999,1,1,7999,1,1,1,7999,7999,7999,7999,7999
18828,F2F_2019,12,28,7,3,3,4,2,15,13,15,14,1,1,1,1,1,1,7999,1,1,1,1,1,1,1,7999,1,1,7999,1,1,1,7999,7999,7999,7999,7999
18829,F2F_2019,24,15,21,4,3,3,4,14,12,15,14,1,1,1,1,1,1,7999,1,1,1,1,1,1,1,7999,1,1,7999,1,1,1,7999,7999,7999,7999,7999
18830,F2F_2019,11,19,16,4,4,2,3,15,13,12,13,1,1,1,1,1,1,7999,1,1,1,1,1,1,1,7999,1,1,7999,1,1,1,7999,7999,7999,7999,7999
18831,F2F_2019,21,16,20,3,2,2,3,14,12,15,13,1,1,1,1,1,1,7999,1,1,1,1,1,1,1,7999,1,1,7999,1,1,1,7999,7999,7999,7999,7999
18832,F2F_2019,6,18,15,3,3,4,3,14,12,15,13,1,1,1,1,1,1,7999,1,1,1,1,1,1,1,7999,1,1,7999,1,1,1,7999,7999,7999,7999,7999
18833,F2F_2019,5,23,10,4,2,2,4,14,14,12,13,1,1,1,1,1,1,7999,1,1,1,1,1,1,1,7999,1,1,7999,1,1,1,7999,7999,7999,7999,7999
18834,F2F_2019,10,18,18,3,3,5,2,14,15,13,13,1,1,1,1,1,1,7999,1,1,1,1,1,1,1,7999,1,1,7999,1,1,1,7999,7999,7999,7999,7999
18835,F2F_2019,23,19,16,3,0,2,2,14,14,13,14,1,1,1,1,1,1,7999,1,1,1,1,1,1,1,7999,9999,1,7999,1,9999,1,7999,7999,7999,7999,7999
18836,F2F_2019,5,25,10,4,3,5,3,14,14,12,13,1,1,1,1,1,1,7999,1,1,1,1,1,1,1,7999,1,1,7999,1,1,1,7999,7999,7999,7999,7999
18837,F2F_2019,9,7,28,3,1,2,2,14,13,15,12,1,1,1,1,1,1,7999,1,1,1,1,1,1,1,7999,1,1,7999,1,1,1,7999,7999,7999,7999,7999
18838,F2F_2019,23,20,16,5,3,2,5,14,14,13,14,1,1,1,1,1,1,7999,1,1,1,1,1,1,1,7999,1,1,7999,1,1,1,7999,7999,7999,7999,7999
18839,F2F_2019,5,13,23,2,3,2,3,14,14,12,13,1,1,1,1,1,1,7999,1,1,1,1,1,1,1,7999,1,1,7999,1,1,1,7999,7999,7999,7999,7999
18840,F2F_2019,8,21,15,5,2,5,4,15,14,14,13,1,1,1,1,1,1,7999,1,1,1,1,1,1,1,7999,1,1,7999,1,1,1,7999,7999,7999,7999,7999
18842,F2F_2019,25,15,20,2,2,3,2,14,13,13,15,1,1,1,1,1,1,7999,1,1,1,1,1,1,1,7999,1,1,7999,1,1,1,7999,7999,7999,7999,7999
18844,F2F_2019,9,29,4,4,3,4,2,14,13,15,12,1,1,1,1,1,1,7999,1,1,1,1,1,1,1,7999,1,1,7999,1,1,1,7999,7999,7999,7999,7999
18845,F2F_2019,25,13,23,2,2,2,1,14,13,13,15,1,1,1,1,1,1,7999,1,1,1,1,1,1,1,7999,1,1,7999,1,1,1,7999,7999,7999,7999,7999
18848,F2F_2019,11,11,25,4,1,1,2,15,13,12,13,1,1,1,1,1,1,7999,1,1,1,1,1,1,1,7999,1,1,7999,1,1,1,7999,7999,7999,7999,7999
18849,F2F_2019,10,13,22,5,3,3,4,14,15,13,13,1,1,1,1,1,1,7999,1,1,1,1,1,1,1,7999,1,1,7999,1,1,1,7999,7999,7999,7999,7999
18851,F2F_2019,9,23,13,2,2,3,0,14,13,15,12,1,1,1,1,1,1,7999,1,1,1,1,1,1,1,7999,1,1,7999,1,1,1,7999,7999,7999,7999,7999
18852,F2F_2019,12,19,17,4,3,4,2,15,13,15,14,1,1,1,1,1,1,7999,1,1,1,1,1,1,1,7999,1,1,7999,1,1,1,7999,7999,7999,7999,7999
18853,F2F_2019,21,10,25,0,4,5,0,0,12,15,13,1,1,EX,1,1,1,7999,1,1,1,1,1,1,1,7999,1,1,7999,1,1,1,7999,7999,7999,7999,7999
18854,F2F_2019,19,24,9,3,2,1,4,14,13,14,14,1,1,1,1,1,1,7999,1,1,1,1,1,1,1,7999,1,1,7999,1,1,1,7999,7999,7999,7999,7999
18855,F2F_2019,5,18,16,5,3,3,3,14,14,12,13,1,1,1,1,1,1,7999,1,1,1,1,1,1,1,7999,1,1,7999,1,1,1,7999,7999,7999,7999,7999
18856,F2F_2019,15,28,5,3,5,4,2,15,14,15,14,1,1,1,1,1,1,7999,1,1,1,1,1,1,1,7999,1,1,7999,1,1,1,7999,7999,7999,7999,7999
18857,F2F_2019,11,27,8,4,3,4,4,15,13,12,13,1,1,1,1,1,1,7999,1,1,1,1,1,1,1,7999,1,1,7999,1,1,1,7999,7999,7999,7999,7999
18858,F2F_2019,13,14,20,2,3,3,7999,15,12,15,7999,1,1,1,1,1,1,7999,1,1,1,1,1,1,1,7999,1,1,7999,9999,1,1,7999,7999,7999,7999,7999
18859,F2F_2019,19,22,14,3,1,3,1,14,13,14,14,1,1,1,1,1,1,7999,1,1,1,1,1,1,1,7999,1,1,7999,1,1,1,7999,7999,7999,7999,7999
18861,F2F_2019,5,11,24,4,2,1,3,14,14,12,13,1,1,1,1,1,1,7999,1,1,1,1,1,1,1,7999,1,1,7999,1,1,1,7999,7999,7999,7999,7999
18862,F2F_2019,9,8,27,3,3,3,4,14,13,15,12,1,1,1,1,1,1,7999,1,1,1,1,1,1,1,7999,1,1,7999,1,1,1,7999,7999,7999,7999,7999
18863,F2F_2019,25,7,29,3,2,2,3,14,13,13,15,1,1,1,1,1,1,7999,1,1,1,1,1,1,1,7999,1,1,7999,1,1,1,7999,7999,7999,7999,7999
18864,F2F_2019,23,22,11,3,1,3,2,14,14,13,14,1,1,1,1,1,1,7999,1,1,1,1,1,1,1,7999,1,1,7999,1,1,1,7999,7999,7999,7999,7999
18865,F2F_2019,9,22,14,3,2,5,3,14,13,15,12,1,1,1,1,1,1,7999,1,1,1,1,1,1,1,7999,1,1,7999,1,1,1,7999,7999,7999,7999,7999
18866,F2F_2019,16,23,12,4,3,2,3,15,12,13,15,1,1,1,1,1,1,7999,1,1,1,1,1,1,1,7999,1,1,7999,1,1,1,7999,7999,7999,7999,7999
18867,F2F_2019,8,9,27,4,2,5,4,15,14,14,13,1,1,1,1,1,1,7999,1,1,1,1,1,1,1,7999,1,1,7999,1,1,1,7999,7999,7999,7999,7999
18868,F2F_2019,12,11,24,5,2,4,3,15,13,15,14,1,1,1,1,1,1,7999,1,1,1,1,1,1,1,7999,1,1,7999,1,1,1,7999,7999,7999,7999,7999
18869,F2F_2019,17,25,11,4,2,1,3,15,14,13,13,1,1,1,1,1,1,7999,1,1,1,1,1,1,1,7999,1,1,7999,1,1,1,7999,7999,7999,7999,7999
18870,F2F_2019,16,12,24,3,3,0,4,15,12,13,15,1,1,1,1,1,1,7999,1,1,1,1,1,1,1,7999,1,1,7999,1,1,1,7999,7999,7999,7999,7999
18872,F2F_2019,2,20,14,4,2,3,3,14,15,13,14,1,1,1,1,1,1,7999,1,1,1,1,1,1,1,7999,1,1,7999,1,1,1,7999,7999,7999,7999,7999
18873,F2F_2019,9,7,28,3,2,2,3,14,13,15,12,1,1,1,1,1,9999,7999,1,1,1,1,1,1,1,7999,1,1,7999,1,1,1,7999,7999,7999,7999,7999
18874,F2F_2019,16,23,10,4,3,5,5,15,12,13,15,1,1,1,1,1,1,7999,1,1,1,1,1,1,1,7999,1,1,7999,1,1,1,7999,7999,7999,7999,7999
18875,F2F_2019,3,9,26,2,4,4,4,15,14,15,14,1,1,1,1,1,1,7999,1,1,1,1,1,1,1,7999,1,1,7999,1,1,1,7999,7999,7999,7999,7999
18876,F2F_2019,22,15,21,3,3,4,2,14,14,15,15,1,1,1,1,1,1,7999,1,1,1,1,1,1,1,7999,1,1,7999,1,1,1,7999,7999,7999,7999,7999
18877,F2F_2019,19,11,24,4,5,0,4,14,13,14,14,1,1,1,1,1,1,7999,1,1,1,1,1,1,1,7999,1,1,7999,1,1,1,7999,7999,7999,7999,7999
18878,F2F_2019,24,11,24,2,4,3,2,14,12,15,14,1,1,1,1,1,1,7999,1,1,1,1,1,1,1,7999,1,1,7999,1,1,1,7999,7999,7999,7999,7999
18879,F2F_2019,3,16,19,4,2,4,2,15,14,15,14,1,1,1,1,1,1,7999,1,1,1,1,1,1,1,7999,1,1,7999,1,1,1,7999,7999,7999,7999,7999
18880,F2F_2019,2,20,16,4,3,2,2,14,15,13,14,1,1,1,1,1,1,7999,1,1,1,1,1,1,1,7999,1,1,7999,1,1,1,7999,7999,7999,7999,7999
18881,F2F_2019,3,24,10,4,4,4,4,15,14,15,14,1,1,1,1,1,1,7999,1,1,1,1,1,1,1,7999,1,1,7999,1,1,1,7999,7999,7999,7999,7999
18882,F2F_2019,26,21,14,4,4,2,0,14,15,14,13,1,1,1,1,1,1,7999,1,1,1,1,1,1,1,7999,1,9999,7999,9999,1,1,7999,7999,7999,7999,7999
18883,F2F_2019,4,17,19,4,4,4,4,15,14,13,14,1,1,1,1,1,1,7999,1,1,1,1,1,1,1,7999,1,1,7999,1,1,1,7999,7999,7999,7999,7999
18885,F2F_2019,11,13,22,3,4,2,3,15,13,12,13,1,1,1,1,1,1,7999,1,1,1,1,1,1,1,7999,1,1,7999,1,1,1,7999,7999,7999,7999,7999
18886,F2F_2019,14,22,13,2,2,3,2,15,15,15,13,1,1,1,1,1,1,7999,1,1,1,1,1,1,1,7999,1,1,7999,1,1,1,7999,7999,7999,7999,7999
18887,F2F_2019,8,9,27,3,2,4,4,15,14,14,13,1,1,1,1,1,1,7999,1,1,1,1,1,1,1,7999,1,1,7999,1,1,1,7999,7999,7999,7999,7999
18888,F2F_2019,10,20,15,5,4,3,3,14,15,13,13,1,1,1,1,1,9999,7999,1,1,1,1,1,1,1,7999,1,1,7999,1,1,1,7999,7999,7999,7999,7999
18889,F2F_2019,20,11,25,5,3,2,3,14,14,14,13,1,1,1,1,1,1,7999,1,1,1,1,1,1,1,7999,1,1,7999,1,1,1,7999,7999,7999,7999,7999
18890,F2F_2019,10,24,9,3,3,4,4,14,15,13,13,1,1,1,1,1,1,7999,1,1,1,1,1,1,1,7999,1,1,7999,1,1,1,7999,7999,7999,7999,7999
18891,F2F_2019,8,18,15,4,3,4,4,14,13,14,14,1,1,1,1,1,1,7999,1,1,1,1,1,1,1,7999,1,1,7999,1,1,1,7999,7999,7999,7999,7999
18892,F2F_2019,21,9,27,4,4,4,2,14,12,15,13,1,1,1,1,1,1,7999,1,1,1,1,1,1,1,7999,1,1,7999,1,1,1,7999,7999,7999,7999,7999
18893,F2F_2019,1,14,22,2,2,3,4,15,13,14,14,1,1,1,1,1,1,7999,1,1,1,1,1,1,1,7999,1,1,7999,1,1,1,7999,7999,7999,7999,7999
18894,F2F_2019,12,13,20,3,4,3,3,15,13,15,14,1,1,1,1,1,1,7999,1,1,1,1,1,1,1,7999,1,1,7999,1,1,1,7999,7999,7999,7999,7999
18895,F2F_2019,24,3,33,4,2,2,3,14,12,15,14,1,1,1,1,1,1,7999,1,1,1,1,1,1,1,7999,1,1,7999,1,1,1,7999,7999,7999,7999,7999
18896,F2F_2019,7,11,25,5,2,3,2,14,13,14,14,1,1,1,1,1,1,7999,1,1,1,1,1,1,1,7999,1,1,7999,1,1,1,7999,7999,7999,7999,7999
18898,F2F_2019,17,29,5,4,3,2,0,15,14,13,13,1,1,1,1,1,1,7999,1,1,1,1,1,1,1,7999,1,1,7999,9999,1,1,7999,7999,7999,7999,7999
18899,F2F_2019,2,18,18,3,2,0,1,14,15,13,14,1,1,1,1,1,9999,7999,1,1,1,1,9999,1,1,7999,1,1,7999,1,1,1,7999,7999,7999,7999,7999
18900,F2F_2019,21,13,21,2,3,4,3,14,12,15,13,1,1,1,1,1,1,7999,1,1,1,1,1,1,1,7999,1,1,7999,1,1,1,7999,7999,7999,7999,7999
18901,F2F_2019,24,26,8,5,3,1,0,14,12,15,14,1,1,1,1,1,1,7999,1,1,1,1,1,1,1,7999,1,1,7999,9999,1,1,7999,7999,7999,7999,7999
18902,F2F_2019,23,16,18,4,2,2,1,14,14,13,14,1,1,1,1,1,1,7999,1,1,1,1,1,1,1,7999,1,1,7999,1,1,1,7999,7999,7999,7999,7999
18903,F2F_2019,8,16,18,4,3,2,4,15,14,14,13,1,1,1,1,1,1,7999,1,1,1,1,1,1,1,7999,1,1,7999,1,1,1,7999,7999,7999,7999,7999
18904,F2F_2019,7,6,30,3,1,2,1,14,13,13,15,1,1,1,1,1,1,7999,1,1,1,1,1,1,1,7999,1,1,7999,1,1,1,7999,7999,7999,7999,7999
18906,F2F_2019,26,16,20,4,4,4,0,14,15,14,13,1,1,1,1,1,1,7999,1,1,1,1,1,1,1,7999,1,1,7999,9999,1,1,7999,7999,7999,7999,7999
18907,F2F_2019,12,25,9,4,3,3,4,15,13,15,14,1,1,1,1,1,1,7999,1,1,1,1,1,1,1,7999,1,1,7999,1,1,1,7999,7999,7999,7999,7999
18909,F2F_2019,14,22,11,4,2,2,3,15,15,15,13,1,1,1,1,1,1,7999,1,1,1,1,1,1,1,7999,1,1,7999,1,1,1,7999,7999,7999,7999,7999
18910,F2F_2019,23,23,11,4,3,3,2,14,14,13,14,1,1,1,1,1,1,7999,1,1,1,1,1,1,1,7999,1,1,7999,1,1,1,7999,7999,7999,7999,7999
18911,F2F_2019,11,22,11,5,4,4,4,15,13,12,13,1,1,1,1,1,1,7999,1,1,1,1,1,1,1,7999,1,1,7999,1,1,1,7999,7999,7999,7999,7999
18913,F2F_2019,20,11,25,3,1,3,1,14,14,14,13,1,1,1,1,1,1,7999,1,1,1,1,1,1,1,7999,1,1,7999,1,1,1,7999,7999,7999,7999,7999
18916,F2F_2019,11,11,23,4,4,1,1,15,13,12,13,1,1,1,1,1,1,7999,1,1,1,1,1,1,1,7999,1,1,7999,1,1,1,7999,7999,7999,7999,7999
18917,F2F_2019,2,11,24,5,3,4,4,14,15,13,14,1,1,1,1,1,1,7999,1,1,1,1,1,1,1,7999,1,1,7999,1,1,1,7999,7999,7999,7999,7999
18918,F2F_2019,21,18,16,5,4,3,4,14,12,15,13,1,1,1,1,1,1,7999,1,1,1,1,1,1,1,7999,1,1,7999,1,1,1,7999,7999,7999,7999,7999
18919,F2F_2019,4,14,21,4,4,3,4,15,14,13,14,1,1,1,1,1,1,7999,1,1,1,1,1,1,1,7999,1,1,7999,1,1,1,7999,7999,7999,7999,7999
18920,F2F_2019,16,20,13,4,3,1,5,15,12,13,15,1,1,1,1,1,1,7999,1,1,1,1,1,1,1,7999,1,1,7999,1,1,1,7999,7999,7999,7999,7999
18921,F2F_2019,3,19,14,4,4,2,3,15,14,15,14,1,1,1,1,1,1,7999,1,1,1,1,1,1,1,7999,1,1,7999,1,1,1,7999,7999,7999,7999,7999
18922,F2F_2019,22,12,23,5,4,5,4,15,14,15,15,1,1,1,1,1,1,7999,1,1,1,1,1,1,1,7999,1,1,7999,1,1,1,7999,7999,7999,7999,7999
18923,F2F_2019,2,15,19,2,2,3,4,14,15,13,14,1,1,1,1,1,1,7999,1,1,1,1,1,1,1,7999,1,1,7999,1,1,1,7999,7999,7999,7999,7999
18924,F2F_2019,15,24,11,4,2,2,4,15,14,15,14,1,1,1,1,1,1,7999,1,1,1,1,1,1,1,7999,1,1,7999,1,1,1,7999,7999,7999,7999,7999
18925,F2F_2019,20,28,5,2,4,3,0,14,14,14,13,1,1,1,1,1,1,7999,1,1,1,1,1,1,1,7999,1,1,7999,9999,1,1,7999,7999,7999,7999,7999
18926,F2F_2019,14,14,20,4,5,3,1,15,15,15,13,1,1,1,1,1,1,7999,1,1,1,1,1,1,1,7999,1,1,7999,1,1,1,7999,7999,7999,7999,7999
18927,F2F_2019,6,9,26,4,2,5,3,14,12,15,13,1,1,1,1,1,1,7999,1,1,1,1,1,1,1,7999,1,1,7999,1,1,1,7999,7999,7999,7999,7999
18928,F2F_2019,16,13,21,5,2,4,5,15,12,13,15,1,1,1,1,1,1,7999,1,1,1,1,1,1,1,7999,1,1,7999,1,1,1,7999,7999,7999,7999,7999
18929,F2F_2019,19,11,24,5,3,4,5,14,13,14,14,1,1,1,1,1,1,7999,1,1,1,1,1,1,1,7999,1,1,7999,1,1,1,7999,7999,7999,7999,7999
18930,F2F_2019,5,28,7,5,3,2,2,14,14,12,13,1,1,1,1,1,1,7999,1,1,1,1,1,1,1,7999,1,1,7999,1,1,1,7999,7999,7999,7999,7999
18931,F2F_2019,17,13,21,5,4,3,3,15,14,13,13,1,1,1,1,1,1,7999,1,1,1,1,1,1,1,7999,1,1,7999,1,1,1,7999,7999,7999,7999,7999
18932,F2F_2019,6,17,16,3,2,2,4,14,12,15,13,1,9999,1,1,1,1,7999,1,1,1,1,1,1,1,7999,1,1,7999,1,1,1,7999,7999,7999,7999,7999
18933,F2F_2019,13,15,20,4,3,4,2,15,12,15,15,1,1,1,1,1,1,7999,1,1,1,1,1,1,1,7999,1,1,7999,1,1,1,7999,7999,7999,7999,7999
18934,F2F_2019,9999,9999,9999,3,1,3,1,15,14,15,14,1,1,1,1,1,1,7999,1,1,1,1,1,1,1,7999,1,1,7999,1,1,1,7999,7999,7999,7999,7999
18935,F2F_2019,21,24,11,5,3,3,4,14,12,15,13,1,1,1,1,1,1,7999,1,1,1,1,1,1,1,7999,1,1,7999,1,1,1,7999,7999,7999,7999,7999
18936,F2F_2019,7,19,16,3,2,4,1,14,13,14,14,1,1,1,1,1,1,7999,1,1,1,1,1,1,1,7999,1,1,7999,1,1,1,7999,7999,7999,7999,7999
18937,F2F_2019,1,13,21,5,0,3,3,15,13,14,14,1,1,1,1,1,1,7999,1,1,1,1,1,1,1,7999,1,1,7999,1,1,1,7999,7999,7999,7999,7999
18938,F2F_2019,11,23,12,5,3,2,5,15,13,12,13,1,1,1,1,1,1,7999,1,1,1,1,1,1,1,7999,1,1,7999,1,1,1,7999,7999,7999,7999,7999
18939,F2F_2019,22,24,9,2,3,3,5,14,14,15,15,1,1,1,1,1,1,7999,1,1,1,1,1,1,1,7999,1,1,7999,1,1,1,7999,7999,7999,7999,7999
18940,F2F_2019,6,19,16,4,3,3,3,14,12,15,13,1,1,1,1,1,1,7999,1,1,1,1,1,1,1,7999,1,1,7999,1,1,1,7999,7999,7999,7999,7999
18941,F2F_2019,14,11,24,5,5,3,2,15,15,15,13,1,1,1,1,1,1,7999,1,1,1,1,1,1,1,7999,1,1,7999,1,1,1,7999,7999,7999,7999,7999
18942,F2F_2019,13,31,3,5,2,4,4,15,12,15,15,1,1,1,1,1,1,7999,1,1,1,1,1,1,1,7999,1,1,7999,1,1,1,7999,7999,7999,7999,7999
18943,F2F_2019,22,21,15,2,1,2,3,14,14,15,15,1,1,1,1,1,1,7999,1,1,1,1,1,1,1,7999,1,1,7999,1,1,1,7999,7999,7999,7999,7999
18944,F2F_2019,22,20,14,3,4,4,4,14,14,15,15,1,1,1,1,1,1,7999,1,1,1,1,1,1,1,7999,1,1,7999,1,1,1,7999,7999,7999,7999,7999
18945,F2F_2019,7,8,28,3,3,5,2,14,13,14,14,1,1,1,1,1,1,7999,1,1,1,1,1,1,1,7999,1,1,7999,1,1,1,7999,7999,7999,7999,7999
18947,F2F_2019,13,13,21,4,3,4,4,15,12,15,15,1,1,1,1,1,1,7999,1,1,1,1,1,1,1,7999,1,1,7999,1,1,1,7999,7999,7999,7999,7999
18948,F2F_2019,7,12,24,5,3,3,2,14,13,14,14,1,1,1,1,1,1,7999,1,1,1,1,1,1,1,7999,1,1,7999,1,1,1,7999,7999,7999,7999,7999
18949,F2F_2019,12,24,10,3,3,4,4,15,13,15,14,1,1,1,1,1,1,7999,1,1,1,1,1,1,1,7999,1,1,7999,1,1,1,7999,7999,7999,7999,7999
18950,F2F_2019,17,16,19,4,3,4,4,15,14,13,13,1,1,1,1,1,1,7999,1,1,1,1,1,1,1,7999,1,1,7999,1,1,1,7999,7999,7999,7999,7999
18951,F2F_2019,23,23,11,5,4,3,0,14,14,13,14,1,1,1,1,1,1,7999,1,1,1,1,1,1,1,7999,1,1,7999,9999,1,1,7999,7999,7999,7999,7999
18952,F2F_2019,4,19,16,5,2,5,4,15,14,13,14,1,1,1,1,1,1,7999,1,1,1,1,1,1,1,7999,1,1,7999,1,1,1,7999,7999,7999,7999,7999
18954,F2F_2019,23,14,20,3,3,4,2,14,14,13,14,1,1,1,1,1,1,7999,1,1,1,1,1,1,1,7999,1,1,7999,1,1,1,7999,7999,7999,7999,7999
18956,F2F_2019,22,21,14,4,3,3,5,14,14,15,15,1,1,1,1,1,1,7999,1,1,1,1,1,1,1,7999,1,1,7999,1,1,1,7999,7999,7999,7999,7999
18957,F2F_2019,8,25,10,2,3,3,3,15,14,14,13,1,1,1,1,1,1,7999,1,1,1,1,1,1,1,7999,1,1,7999,1,1,1,7999,7999,7999,7999,7999
18958,F2F_2019,26,17,18,2,4,4,4,14,15,14,13,1,1,1,1,1,1,7999,1,1,1,1,1,1,1,7999,1,1,7999,1,1,1,7999,7999,7999,7999,7999
18959,F2F_2019,24,15,21,5,3,4,4,14,12,15,14,1,1,1,1,1,1,7999,1,1,1,1,1,1,1,7999,1,1,7999,1,1,1,7999,7999,7999,7999,7999
18960,F2F_2019,1,19,15,4,4,2,2,15,13,14,14,1,1,1,1,1,1,7999,1,1,1,1,1,1,1,7999,1,1,7999,1,1,1,7999,7999,7999,7999,7999
18961,F2F_2019,3,9,26,2,2,2,3,15,14,15,14,1,9999,1,1,1,1,7999,1,1,1,1,1,1,1,7999,1,1,7999,1,1,1,7999,7999,7999,7999,7999
18963,F2F_2019,26,6,29,4,3,4,3,14,15,14,13,1,1,1,1,1,1,7999,1,1,1,1,1,1,1,7999,1,1,7999,1,1,1,7999,7999,7999,7999,7999
18964,F2F_2019,9,17,17,5,1,4,3,14,13,15,12,1,1,1,1,1,1,7999,1,1,1,1,1,1,1,7999,1,1,7999,1,1,1,7999,7999,7999,7999,7999
18965,F2F_2019,11,11,23,4,4,3,3,15,13,12,13,1,1,1,1,1,1,7999,1,1,1,1,1,1,1,7999,1,1,7999,1,1,1,7999,7999,7999,7999,7999
18966,F2F_2019,13,18,16,5,4,3,3,15,12,15,15,1,1,1,1,1,1,7999,1,1,1,1,1,1,1,7999,1,1,7999,1,1,1,7999,7999,7999,7999,7999
18967,F2F_2019,19,24,11,3,3,3,3,14,13,14,14,1,1,1,1,1,1,7999,1,1,1,1,1,1,1,7999,1,1,7999,1,1,1,7999,7999,7999,7999,7999
18969,F2F_2019,14,15,19,3,3,4,2,15,15,15,13,1,1,1,1,1,1,7999,1,1,1,1,1,1,1,7999,1,1,7999,1,1,1,7999,7999,7999,7999,7999
18970,F2F_2019,24,18,16,3,3,2,4,14,12,15,14,1,1,1,1,1,1,7999,1,1,1,1,1,1,1,7999,1,1,7999,1,1,1,7999,7999,7999,7999,7999
18971,F2F_2019,4,20,13,3,2,1,3,15,14,13,14,1,1,1,1,1,1,7999,1,1,1,1,1,1,1,7999,1,1,7999,1,1,1,7999,7999,7999,7999,7999
18972,F2F_2019,1,5,30,4,4,1,0,15,13,14,14,1,1,1,1,1,1,7999,1,1,1,1,1,1,1,7999,1,9999,7999,1,1,1,7999,7999,7999,7999,7999
18973,F2F_2019,19,20,15,5,2,2,2,14,13,14,14,1,1,1,1,1,1,7999,1,1,1,1,1,1,1,7999,1,1,7999,1,1,1,7999,7999,7999,7999,7999
18974,F2F_2019,24,12,24,7999,3,2,3,7999,12,15,14,1,1,9999,1,1,1,7999,1,1,1,1,1,1,1,7999,1,1,7999,1,1,1,7999,7999,7999,7999,7999
18975,F2F_2019,7,18,17,2,4,2,3,14,13,14,14,1,1,1,1,1,1,7999,1,1,1,1,1,1,1,7999,1,1,7999,1,1,1,7999,7999,7999,7999,7999
18976,F2F_2019,7,19,16,4,4,3,4,14,13,14,14,1,1,1,1,1,1,7999,1,1,1,1,1,1,1,7999,1,1,7999,1,1,1,7999,7999,7999,7999,7999
18977,F2F_2019,20,20,14,2,2,3,2,14,14,14,13,1,1,1,1,1,1,7999,1,1,1,1,1,1,1,7999,1,1,7999,1,1,1,7999,7999,7999,7999,7999
18978,F2F_2019,10,13,21,3,2,3,2,14,15,13,13,1,1,1,1,1,1,7999,1,1,1,1,1,1,1,7999,1,1,7999,1,1,1,7999,7999,7999,7999,7999
18979,F2F_2019,20,16,18,5,3,2,2,14,14,14,13,1,1,1,1,1,1,7999,1,1,1,1,1,1,1,7999,1,1,7999,1,1,1,7999,7999,7999,7999,7999
18980,F2F_2019,12,23,13,4,2,4,3,15,13,15,14,1,1,1,1,1,1,7999,1,1,1,1,1,1,1,7999,1,1,7999,1,1,1,7999,7999,7999,7999,7999
18981,F2F_2019,1,20,14,2,4,3,5,15,13,14,14,1,1,1,1,1,1,7999,1,1,1,1,1,1,1,7999,1,1,7999,1,1,1,7999,7999,7999,7999,7999
18982,F2F_2019,20,9,27,5,1,2,3,14,14,14,13,1,1,1,1,1,1,7999,1,1,1,1,1,1,1,7999,1,1,7999,1,1,1,7999,7999,7999,7999,7999
18983,F2F_2019,6,21,13,4,4,3,3,14,12,15,13,1,1,1,1,1,1,7999,1,1,1,1,1,1,1,7999,1,1,7999,1,1,1,7999,7999,7999,7999,7999
18984,F2F_2019,11,12,23,5,2,1,0,15,13,12,13,1,1,1,1,1,1,7999,1,1,1,1,1,1,1,7999,1,9999,7999,9999,1,1,7999,7999,7999,7999,7999
18986,F2F_2019,18,28,6,5,3,5,5,15,14,15,14,1,1,1,1,1,1,7999,1,1,1,1,1,1,1,7999,1,1,7999,1,1,1,7999,7999,7999,7999,7999
18987,F2F_2019,16,23,12,5,3,3,3,15,12,13,15,1,1,1,1,1,1,7999,1,1,1,1,1,1,1,7999,1,1,7999,1,1,1,7999,7999,7999,7999,7999
18989,F2F_2019,8,23,12,4,4,3,4,15,14,14,13,1,1,1,1,1,1,7999,1,1,1,1,1,1,1,7999,1,1,7999,1,1,1,7999,7999,7999,7999,7999
18990,F2F_2019,3,18,16,4,3,3,5,15,14,15,14,1,9999,1,1,1,1,7999,1,1,1,1,1,1,1,7999,1,1,7999,1,1,1,7999,7999,7999,7999,7999
18991,F2F_2019,18,3,33,3,2,4,2,15,14,15,14,1,1,1,1,1,1,7999,1,1,1,1,1,1,1,7999,1,1,7999,1,1,1,7999,7999,7999,7999,7999
18992,F2F_2019,13,23,11,4,2,3,4,15,12,15,15,1,1,1,1,1,1,7999,1,1,1,1,1,1,1,7999,1,1,7999,1,1,1,7999,7999,7999,7999,7999
18993,F2F_2019,9,24,9,2,3,3,4,14,13,15,12,1,1,1,1,1,1,7999,1,1,1,1,1,1,1,7999,1,1,7999,1,1,1,7999,7999,7999,7999,7999
18994,F2F_2019,20,15,18,2,3,2,0,14,14,14,13,1,1,1,1,1,1,7999,1,1,1,1,1,1,1,7999,1,9999,7999,9999,1,1,7999,7999,7999,7999,7999
18995,F2F_2019,6,9,25,3,4,4,0,14,12,15,13,1,1,1,1,1,1,7999,1,1,1,1,1,1,1,7999,1,9999,7999,9999,1,1,7999,7999,7999,7999,7999
18996,F2F_2019,5,12,22,2,3,4,2,14,14,12,13,1,1,1,1,1,1,7999,1,1,1,1,1,1,1,7999,1,1,7999,1,1,1,7999,7999,7999,7999,7999
18997,F2F_2019,26,4,32,4,3,4,3,14,15,14,13,1,1,1,1,1,1,7999,1,1,1,1,1,1,1,7999,1,9999,7999,1,1,1,7999,7999,7999,7999,7999
18998,F2F_2019,7,14,20,3,3,2,2,14,13,14,14,1,1,1,1,1,1,7999,1,1,1,1,1,1,1,7999,1,1,7999,1,1,1,7999,7999,7999,7999,7999
18999,F2F_2019,24,17,19,5,3,4,4,14,12,15,14,1,1,1,1,1,1,7999,1,1,1,1,1,1,1,7999,1,1,7999,1,1,1,7999,7999,7999,7999,7999
19000,F2F_2019,26,16,18,4,0,4,1,14,15,14,13,1,9999,1,1,1,1,7999,1,1,1,1,1,1,1,7999,1,1,7999,1,1,1,7999,7999,7999,7999,7999
19001,F2F_2019,25,28,5,4,3,4,3,14,13,13,15,1,1,1,1,1,1,7999,1,1,1,1,1,1,1,7999,1,1,7999,1,1,1,7999,7999,7999,7999,7999
19002,F2F_2019,17,8,26,3,4,2,4,15,14,13,13,1,1,1,1,1,1,7999,1,1,1,1,1,1,1,7999,1,1,7999,1,1,1,7999,7999,7999,7999,7999
19003,F2F_2019,10,14,20,2,4,3,4,14,15,13,13,1,1,1,1,1,1,7999,1,1,1,1,1,1,1,7999,1,1,7999,1,1,1,7999,7999,7999,7999,7999
19004,F2F_2019,24,22,12,5,4,3,3,14,12,15,14,1,1,1,1,1,1,7999,1,1,1,1,1,1,1,7999,1,1,7999,1,1,1,7999,7999,7999,7999,7999
19006,F2F_2019,15,15,19,4,1,4,3,15,14,15,14,1,1,1,1,1,1,7999,1,1,1,1,1,1,1,7999,1,1,7999,1,1,1,7999,7999,7999,7999,7999
19007,F2F_2019,21,20,16,3,3,2,4,14,12,15,13,1,1,1,1,1,1,7999,1,1,1,1,1,1,1,7999,1,9999,7999,1,1,1,7999,7999,7999,7999,7999
19008,F2F_2019,4,16,19,3,2,3,2,15,14,13,14,1,1,1,1,1,1,7999,1,1,1,1,1,1,1,7999,1,1,7999,1,1,1,7999,7999,7999,7999,7999
19009,F2F_2019,15,18,17,0,4,3,4,0,14,15,14,1,1,9999,1,1,1,7999,1,1,1,1,1,1,1,7999,1,1,7999,1,1,1,7999,7999,7999,7999,7999
19010,F2F_2019,25,8,28,2,3,3,5,14,13,13,15,1,1,1,1,1,1,7999,1,1,1,1,1,1,1,7999,1,1,7999,1,1,1,7999,7999,7999,7999,7999
19011,F2F_2019,23,21,12,3,3,4,4,14,14,13,14,1,1,1,1,1,1,7999,1,1,1,1,1,1,1,7999,1,1,7999,1,1,1,7999,7999,7999,7999,7999
19012,F2F_2019,17,28,6,4,3,4,0,15,14,13,13,1,1,1,1,1,1,7999,1,1,1,1,1,1,1,7999,1,1,7999,1,1,1,7999,7999,7999,7999,7999
19013,F2F_2019,7,16,17,3,2,3,1,14,13,14,14,1,1,1,1,1,1,7999,1,1,1,1,1,1,1,7999,1,1,7999,1,1,1,7999,7999,7999,7999,7999
19014,F2F_2019,14,21,12,3,4,4,5,15,15,15,13,1,1,1,1,1,1,7999,1,1,1,1,1,1,1,7999,1,1,7999,1,1,1,7999,7999,7999,7999,7999
19015,F2F_2019,15,16,18,3,2,5,2,15,14,15,14,1,1,1,1,1,1,7999,1,1,1,1,1,1,1,7999,1,1,7999,1,1,1,7999,7999,7999,7999,7999
19016,F2F_2019,12,28,8,4,1,4,5,15,13,15,14,1,1,1,1,1,1,7999,1,1,1,1,1,1,1,7999,1,1,7999,1,1,1,7999,7999,7999,7999,7999
19017,F2F_2019,15,19,15,3,2,3,3,15,14,15,14,1,1,1,1,1,1,7999,1,1,1,1,1,1,1,7999,1,1,7999,1,1,1,7999,7999,7999,7999,7999
19018,F2F_2019,19,11,23,2,3,2,2,14,13,14,14,1,1,1,1,1,1,7999,1,1,1,1,1,1,1,7999,1,1,7999,1,1,1,7999,7999,7999,7999,7999
19019,F2F_2019,13,16,19,4,4,4,4,15,12,15,15,1,1,1,1,1,1,7999,1,1,1,1,1,1,1,7999,1,1,7999,1,1,1,7999,7999,7999,7999,7999
19020,F2F_2019,6,20,15,3,3,3,5,14,12,15,13,1,1,1,1,1,1,7999,1,1,1,1,1,1,1,7999,1,1,7999,1,1,1,7999,7999,7999,7999,7999
19021,F2F_2019,26,16,18,4,3,2,3,14,15,14,13,1,1,1,1,1,1,7999,1,1,1,1,1,1,1,7999,1,1,7999,1,1,1,7999,7999,7999,7999,7999
19022,F2F_2019,25,20,15,4,3,2,5,14,13,13,15,1,1,1,1,1,1,7999,1,1,1,1,1,1,1,7999,1,1,7999,1,1,1,7999,7999,7999,7999,7999
19023,F2F_2019,3,26,8,2,3,1,4,15,14,15,14,1,1,1,1,1,1,7999,1,1,1,1,1,1,1,7999,1,1,7999,1,1,1,7999,7999,7999,7999,7999
19024,F2F_2019,21,25,10,3,3,4,2,14,12,15,13,1,1,1,1,1,1,7999,1,1,1,1,1,1,1,7999,1,1,7999,1,1,1,7999,7999,7999,7999,7999
19025,F2F_2019,16,12,23,0,3,2,4,15,12,13,15,1,1,1,1,1,1,7999,1,1,1,1,1,1,1,7999,1,1,7999,1,1,1,7999,7999,7999,7999,7999
19026,F2F_2019,2,17,18,4,3,2,2,14,15,13,14,1,9999,1,1,1,1,7999,1,1,1,1,1,1,1,7999,1,1,7999,1,1,1,7999,7999,7999,7999,7999
19027,F2F_2019,12,25,11,5,4,4,2,15,13,15,14,1,1,1,1,1,1,7999,1,1,1,1,1,1,1,7999,1,1,7999,1,1,1,7999,7999,7999,7999,7999
19028,F2F_2019,18,25,9,5,4,3,4,15,14,15,14,1,1,1,1,1,1,7999,1,1,1,1,1,1,1,7999,1,1,7999,1,1,1,7999,7999,7999,7999,7999
19029,F2F_2019,9,8,28,4,3,2,1,14,13,15,12,1,1,1,1,1,1,7999,1,1,1,1,1,1,1,7999,1,1,7999,1,1,1,7999,7999,7999,7999,7999
19030,F2F_2019,13,24,10,4,3,3,3,15,12,15,15,1,1,1,1,1,1,7999,1,1,1,1,1,1,1,7999,1,1,7999,1,1,1,7999,7999,7999,7999,7999
19031,F2F_2019,22,13,23,4,3,2,2,14,14,15,15,1,1,1,1,1,1,7999,1,1,1,1,1,1,1,7999,1,1,7999,1,1,1,7999,7999,7999,7999,7999
19032,F2F_2019,10,10,23,2,4,5,3,14,15,13,13,1,9999,1,1,1,1,7999,1,1,1,1,1,1,1,7999,1,1,7999,1,1,1,7999,7999,7999,7999,7999
19033,F2F_2019,4,9,27,2,2,2,2,15,14,13,14,1,1,1,1,1,1,7999,1,1,1,1,1,1,1,7999,1,1,7999,1,1,1,7999,7999,7999,7999,7999
19034,F2F_2019,5,18,15,3,3,1,4,14,14,12,13,1,1,1,1,1,1,7999,1,1,1,1,1,1,1,7999,1,1,7999,1,1,1,7999,7999,7999,7999,7999
19035,F2F_2019,14,21,12,5,2,5,2,15,15,15,13,1,1,1,1,1,1,7999,1,1,1,1,1,1,1,7999,1,1,7999,1,1,1,7999,7999,7999,7999,7999
19036,F2F_2019,17,14,21,4,4,2,3,15,14,13,13,1,1,1,1,1,1,7999,1,1,1,1,1,1,1,7999,1,1,7999,1,1,1,7999,7999,7999,7999,7999
19037,F2F_2019,1,26,7,3,4,5,4,15,13,14,14,1,1,1,1,1,1,7999,1,1,1,1,1,1,1,7999,1,1,7999,1,1,1,7999,7999,7999,7999,7999
19038,F2F_2019,2,20,13,4,3,1,2,14,15,13,14,1,1,1,1,1,1,7999,1,1,1,1,1,1,1,7999,1,1,7999,1,1,1,7999,7999,7999,7999,7999
19039,F2F_2019,14,10,24,4,3,0,4,15,15,15,13,1,1,1,1,1,1,7999,1,1,1,1,1,1,1,7999,1,1,7999,1,1,1,7999,7999,7999,7999,7999
19040,F2F_2019,23,15,20,4,3,4,4,14,14,13,14,1,1,1,1,1,9999,7999,1,1,1,1,1,1,1,7999,1,1,7999,1,1,1,7999,7999,7999,7999,7999
19041,F2F_2019,16,17,18,3,3,4,5,15,12,13,15,1,1,1,1,1,1,7999,1,1,1,1,1,1,1,7999,1,1,7999,1,1,1,7999,7999,7999,7999,7999
19042,F2F_2019,21,20,15,5,3,1,3,14,12,15,13,1,1,1,1,1,1,7999,1,1,1,1,1,1,1,7999,1,1,7999,1,1,1,7999,7999,7999,7999,7999
19043,F2F_2019,16,4,32,3,3,3,3,15,12,13,15,1,1,1,1,1,1,7999,1,1,1,1,1,1,1,7999,1,1,7999,1,1,1,7999,7999,7999,7999,7999
19044,F2F_2019,4,11,25,5,3,3,3,15,14,13,14,1,1,1,1,1,1,7999,1,1,1,1,1,1,1,7999,1,1,7999,1,1,1,7999,7999,7999,7999,7999
19045,F2F_2019,1,10,24,5,4,4,4,15,13,14,14,1,1,1,1,1,1,7999,1,1,1,1,1,1,1,7999,1,1,7999,1,1,1,7999,7999,7999,7999,7999
19046,F2F_2019,14,4,32,3,5,2,4,15,15,15,13,1,1,1,1,1,1,7999,1,1,1,1,1,1,1,7999,1,1,7999,1,1,1,7999,7999,7999,7999,7999
19047,F2F_2019,13,22,13,4,3,4,2,15,12,15,15,1,1,1,1,1,1,7999,1,1,1,1,1,1,1,7999,1,1,7999,1,1,1,7999,7999,7999,7999,7999
19067,F2F_2019,1,25,8,5,4,3,3,15,13,14,14,1,1,1,1,1,1,7999,1,1,1,1,1,1,1,7999,1,1,7999,1,1,1,7999,7999,7999,7999,7999
19070,F2F_2019,6,10,26,4,3,2,2,14,12,15,13,1,1,1,1,1,1,7999,1,1,1,1,1,1,1,7999,1,1,7999,1,1,1,7999,7999,7999,7999,7999
19072,F2F_2019,15,21,15,4,3,4,4,15,14,15,14,1,1,1,1,1,1,7999,1,1,1,1,1,1,1,7999,1,1,7999,1,1,1,7999,7999,7999,7999,7999
19073,F2F_2019,25,15,20,2,3,2,3,14,13,13,15,1,1,1,1,1,9999,7999,1,1,1,1,1,1,1,7999,1,1,7999,1,1,1,7999,7999,7999,7999,7999
19074,F2F_2019,2,26,9,4,2,1,3,14,15,13,14,1,1,1,1,1,1,7999,1,1,1,1,1,1,1,7999,1,1,7999,1,1,1,7999,7999,7999,7999,7999
19076,F2F_2019,5,7,29,3,3,2,3,14,14,12,13,1,1,1,1,1,1,7999,1,1,1,1,1,1,1,7999,1,1,7999,1,1,1,7999,7999,7999,7999,7999
19077,F2F_2019,18,8,28,3,2,0,3,15,14,15,14,1,1,1,1,1,1,7999,1,1,1,1,9999,1,1,7999,1,1,7999,1,1,1,7999,7999,7999,7999,7999
19078,F2F_2019,9999,9999,9999,5,3,5,4,14,12,15,13,1,1,1,1,1,1,7999,1,1,1,1,1,1,1,7999,1,1,7999,1,1,1,7999,7999,7999,7999,7999
19079,F2F_2019,20,17,19,2,3,1,2,14,14,14,13,1,1,1,1,1,1,7999,1,1,1,1,1,1,1,7999,1,1,7999,1,1,1,7999,7999,7999,7999,7999
19081,F2F_2019,26,11,24,4,2,2,0,14,15,14,13,1,1,1,1,1,1,7999,1,1,1,1,1,1,1,7999,1,1,7999,9999,1,1,7999,7999,7999,7999,7999
19082,F2F_2019,6,25,8,3,2,4,2,14,12,15,13,1,1,1,1,1,1,7999,1,1,1,1,1,1,1,7999,1,1,7999,1,1,1,7999,7999,7999,7999,7999
19083,F2F_2019,8,10,26,4,4,3,4,15,14,14,13,1,1,1,1,1,1,7999,1,1,1,1,1,1,1,7999,1,1,7999,1,1,1,7999,7999,7999,7999,7999
19110,F2F_2019,22,13,22,3,3,3,3,14,14,15,15,1,1,1,1,1,1,7999,1,1,1,1,1,1,1,7999,1,1,7999,1,1,1,7999,7999,7999,7999,7999
19111,F2F_2019,20,16,19,3,3,4,2,14,14,14,13,1,1,1,1,1,1,7999,1,1,1,1,1,1,1,7999,1,1,7999,1,1,1,7999,7999,7999,7999,7999
19112,F2F_2019,18,15,21,4,3,4,2,15,14,15,14,1,1,1,1,1,1,7999,1,1,1,1,1,1,1,7999,1,1,7999,1,1,1,7999,7999,7999,7999,7999
19131,F2F_2019,22,15,21,3,2,3,0,14,14,15,15,1,1,1,1,1,1,7999,1,1,1,1,1,1,1,7999,1,1,7999,1,1,1,7999,7999,7999,7999,7999
19134,F2F_2019,4,20,13,3,2,4,2,15,14,13,14,1,1,1,1,1,1,7999,1,1,1,1,1,1,1,7999,1,1,7999,1,1,1,7999,7999,7999,7999,7999
19135,F2F_2019,25,26,8,4,3,2,4,14,13,13,15,1,1,1,1,1,1,7999,1,1,1,1,1,1,1,7999,1,1,7999,1,1,1,7999,7999,7999,7999,7999
19136,F2F_2019,18,13,22,3,3,4,4,15,14,15,14,1,1,1,1,1,1,7999,1,1,1,1,1,1,1,7999,1,1,7999,1,1,1,7999,7999,7999,7999,7999
19138,F2F_2019,17,11,25,2,4,0,3,15,14,13,13,1,1,1,1,1,1,7999,1,1,1,1,1,1,1,7999,1,1,7999,1,1,1,7999,7999,7999,7999,7999
19139,F2F_2019,18,15,20,2,2,2,3,15,14,15,14,1,1,1,1,1,1,7999,1,1,1,1,1,1,1,7999,1,1,7999,1,1,1,7999,7999,7999,7999,7999
19140,F2F_2019,22,13,22,4,3,3,4,14,14,15,15,1,1,1,1,1,1,7999,1,1,1,1,1,1,1,7999,1,1,7999,1,1,1,7999,7999,7999,7999,7999
19141,F2F_2019,23,12,23,4,2,2,4,14,14,13,14,1,1,1,1,1,1,7999,1,1,1,1,1,1,1,7999,1,1,7999,1,1,1,7999,7999,7999,7999,7999
19142,F2F_2019,1,11,23,4,4,1,7999,15,13,14,14,1,1,1,1,1,1,7999,1,1,1,1,1,1,1,7999,1,9999,7999,9999,1,1,7999,7999,7999,7999,7999
19143,F2F_2019,3,29,5,3,4,5,4,15,14,15,14,1,9999,1,1,1,1,7999,1,1,1,1,1,1,1,7999,1,1,7999,1,1,1,7999,7999,7999,7999,7999
19144,F2F_2019,8,18,17,4,4,4,0,15,14,14,13,1,1,1,1,1,1,7999,1,1,1,1,1,1,1,7999,1,9999,7999,9999,1,1,7999,7999,7999,7999,7999
19145,F2F_2019,10,29,6,4,4,4,4,14,15,13,13,1,1,1,1,1,1,7999,1,1,1,1,1,1,1,7999,1,1,7999,1,1,1,7999,7999,7999,7999,7999
19153,F2F_2019,15,15,18,5,4,4,4,15,14,15,14,1,1,1,1,1,1,7999,1,1,1,1,1,1,1,7999,1,1,7999,1,1,1,7999,7999,7999,7999,7999
,,,,,5,5,5,5,15,15,15,15,1,1,1,1,1,1,1,1,1,1,1,1,1,1,1,1,1,1,1,1,1,1,1,1,1,1